first_inspection,name,cuisine,borough,building,street,zipcode,phone,camis,website,domain,email,all_emails
2026-05-20,JOE & THE JUICE,"Juice, Smoothies, Fruit Salads",Manhattan,315,Hudson Street,10013,8457424505,50178156,https://www.joejuice.com/,joejuice.com,mathilde@joejuice.com,mathilde@joejuice.com; sarah.stenius@joejuice.com; lorentzen@joejuice.com; rosenstand@joejuice.com; vainius@joejuice.com; lauritz@joejuice.com; kasper@joejuice.com; bjarne.timm@joejuice.com; graham.fenwick@joejuice.com; lucy.covey@joejuice.com
2026-05-20,CHOJI,Coffee/Tea,Manhattan,46,East    8 Street,10003,9172502102,50175886,,,,
2026-05-19,ARVACI COFFEE,Coffee/Tea,Manhattan,123,West    3 Street,10012,5187094680,50183358,https://www.arvacicoffeenyc.com/,arvacicoffeenyc.com,,
2026-05-19,GO GREEK YOGURT,Frozen Desserts,Manhattan,683,Broadway,10012,9292178365,50183591,https://gogreekyogurt.com/,gogreekyogurt.com,joliva@gogreekyogurt.com,joliva@gogreekyogurt.com; events@gogreekyogurt.com; info@gogreekyogurt.com; marketing@gogreekyogurt.com
2026-05-19,JEF'S EXPRESS,American,Manhattan,520,Madison Avenue,10022,7043286780,50176042,,,,
2026-05-19,LATHMAN & WATKINS,American,Manhattan,1271,Avenue Of The Americas,10020,7327785266,50180745,http://www.lw.com/,lw.com,annie.pham@lw.com,annie.pham@lw.com; kristen.park@lw.com; sandra.benjamin@lw.com; mohammed.shaheen@lw.com; amanda.fortuna@lw.com; robert.brown@lw.com; daniel.sinaiko@lw.com; taba.guzman@lw.com; amanda.clark@lw.com; michael.waldman@lw.com
2026-05-19,MAZI,Greek,Brooklyn,82,6 Avenue,11217,3479358382,50182821,,,,
2026-05-19,NEW ABSOLUTE BAGELS,Bagels/Pretzels,Manhattan,2788,Broadway,10025,6464227727,50180783,,,,
2026-05-18,LUCYS COFFEE,Mexican,Brooklyn,2105,Atlantic Avenue,11233,3473610613,50174576,,,,
2026-05-18,DEMO/GREENBERG'S BAGELS,New American,Manhattan,34,Carmine Street,10014,9293167809,50145942,https://order.chownow.com/order/38789/locations/59036,order.chownow.com,,
2026-05-18,CHIPOTLE MEXICAN GRILL #3056,Tex-Mex,Brooklyn,1628,Shore Parkway,11214,3479292754,50179331,https://locations.chipotle.com/ny/brooklyn/1628-shore-pkwy?utm_source=google&utm_medium=yext&utm_campaign=yext_listings?restaurant=5544,locations.chipotle.com,,
2026-05-18,HAN DYNASTY,Chinese,Manhattan,98,3 Avenue,10003,2123908685,50183388,http://handynasty.net/east-village/,handynasty.net,,
2026-05-18,DOSA ROYALE,Indian,Brooklyn,65,Lafayette Avenue,11217,3473937295,50176857,http://www.dosaroyale.com/,dosaroyale.com,,
2026-05-18,BEEF UP NOODLE 2,Chinese,Manhattan,98,8 Avenue,10011,5167085828,50184939,https://www.unclehuihui.com/restaurant/tangy-noodle/location,unclehuihui.com,,
2026-05-18,NOUNOU NOODLE BAR,Other,Manhattan,71,1 Avenue,10003,9296494265,50182190,http://www.nounounyc.com/,nounounyc.com,,
2026-05-16,BRIDGES,New French,Manhattan,9,Chatham Square,10038,9172758249,50155980,https://www.bridges-nyc.com/,bridges-nyc.com,,
2026-05-16,BOGART HOUSE,American,Brooklyn,360,Ten Eyck St    Aka 230 Bogart St,11206,6467097854,50047107,http://www.bogarthouse.com/,bogarthouse.com,,
2026-05-16,AMARONE,Italian,Manhattan,686,9 Avenue,10036,9084144646,50164784,http://amaroneristorante.com/,amaroneristorante.com,,
2026-05-16,HANAYA OMAKASE,Japanese,Manhattan,630,9 Avenue,10036,6465758177,50176683,,,,
2026-05-16,NINO'S PIZZERIA,Pizza,Brooklyn,112,Graham Avenue,11206,8626686168,50178201,https://www.ninospizzeriabrooklyn.com/,ninospizzeriabrooklyn.com,,
2026-05-16,THE PARIS CAFE,New French,Manhattan,119,South Street,10038,6463867038,50184091,https://www.pariscafenyc.com/,pariscafenyc.com,,
2026-05-16,KITARO,Coffee/Tea,Brooklyn,12,Belvidere Street,11206,2012818952,50179706,https://www.kitarocafe.com/,kitarocafe.com,,
2026-05-16,KARAOKE CITY,American,Manhattan,22,West   32 Street,10001,6467615720,50180714,http://www.karaokecitynyc.com/,karaokecitynyc.com,,
2026-05-15,NACHA FOCACCIA,Fusion,Brooklyn,800,Franklin Avenue,11238,5163103008,50182320,https://nachafocaccia.com/,nachafocaccia.com,,
2026-05-15,MCDONALD'S,Hamburgers,Manhattan,404,East   14 Street,10009,2125980045,50183869,https://www.mcdonalds.com/us/en-us/location/NY/NEW-YORK/404-E-14TH-ST/13064.html?cid=RF:YXT:GMB::Clicks,mcdonalds.com,,
2026-05-15,THE CROWN,Asian/Asian Fusion,Manhattan,50,Bowery,10013,6466308068,50173346,https://www.thecrownnyc.com/,thecrownnyc.com,,
2026-05-15,HARLEM AMOR,Other,Manhattan,2082,Frederick Douglass Boulevard,,6462993560,50176000,http://kclcuisine.com/,kclcuisine.com,,
2026-05-14,LE GIGOT,French,Manhattan,18,Cornelia Street,10014,2126273737,40544528,http://legigotrestaurant.com/,legigotrestaurant.com,,
2026-05-14,AUNTY JENNY,Chinese,Manhattan,2794,Broadway,10025,9173063883,50181693,https://www.auntjennyexpress.com/,auntjennyexpress.com,,
2026-05-14,BAKE AND SCOOP,Bakery Products/Desserts,Brooklyn,6920,3 Avenue,11209,7184271714,50182931,,,,
2026-05-14,COSTELLO'S CLADDAGH INN,Irish,Brooklyn,3042,Nostrand Avenue,11229,7183779798,40578092,,,,
2026-05-14,MARISCOS EL SUBMARINO,Other,Brooklyn,226,7 Avenue,11215,3472618162,50182243,https://mariscoselsubmarinonyc.com/,mariscoselsubmarinonyc.com,,
2026-05-14,BEA,American,Manhattan,403,West   43 Street,10036,2126021910,50002202,http://www.beanyc.com/,beanyc.com,,
2026-05-14,APERITIVO DI PALMA,American,Manhattan,30,Cornelia Street,10014,2126912223,50006594,https://www.palmanyc.com/,palmanyc.com,,
2026-05-14,SUNSET STOOP,Latin American,Brooklyn,4114,5 Avenue,11232,9177559382,50142010,https://sunsetstoop.com/,sunsetstoop.com,,
2026-05-14,HAAGEN DAZS,Frozen Desserts,Brooklyn,1105,Brighton Beach Avenue,11235,9298103550,50176409,https://www.icecream.com/us/en/brands/haagen-dazs,icecream.com,,
2026-05-14,MOON AND BACK,Thai,Manhattan,117,West   10 Street,10011,2126494995,50180219,https://www.moonandbacknyc.com/,moonandbacknyc.com,,
2026-05-14,HINDS HALL,Middle Eastern,Manhattan,941,Amsterdam Avenue,10025,7189125358,50182998,https://www.ayatnyc.com/location/hinds-hall/,ayatnyc.com,,
2026-05-14,BRISSTA,Other,Manhattan,199,11 Avenue,10011,9132719446,50185246,,,,
2026-05-14,HASALON,Mediterranean,Manhattan,735,10 Avenue,10019,2124959024,50090101,https://www.hasalonnyc.com/,hasalonnyc.com,,
2026-05-14,MTSKHETA-USA INC,Eastern European,Brooklyn,2812,Ocean Avenue,11229,7186761868,50173490,https://www.facebook.com/Mtskheta-Cafe-196702580341113/,facebook.com,,
2026-05-14,BOJANGLES,American,Brooklyn,5910,Church Avenue,11203,3473950360,50177801,https://locations.bojangles.com/ny/brooklyn/5910-church-avenue-1528.html,locations.bojangles.com,,
2026-05-14,ANTS COFFEE,Coffee/Tea,Brooklyn,718,Lorimer Street,11211,9292417798,50182098,https://www.antscoffee.nyc/,antscoffee.nyc,,
2026-05-14,HALAL CHICKS & PLATTERS,American,Manhattan,3878,Broadway,10032,9293618669,50184119,,,,
2026-05-14,LAMONTE PIZZA,Pizza,Brooklyn,558,Driggs Avenue,11211,7185550123,50181359,https://lamontepizza.com/,lamontepizza.com,,
2026-05-14,BK PIZZA,Bangladeshi,Brooklyn,1491,Broadway,11221,6466427988,50184280,https://www.bkpizzamenu.com/?utm_source=gbp,bkpizzamenu.com,,
2026-05-13,BAOS & BOWLS,Chinese,Manhattan,401,East   13 Street,10009,6463704725,50175219,http://baosandbowls.com/,baosandbowls.com,,
2026-05-13,GROWL GROWL HOT POT & COCKTAIL,Korean,Manhattan,11,West   36 Street,10018,6463211090,50179744,https://www.growlgrowl.com/,growlgrowl.com,,
2026-05-13,TRE SORELLE,Italian,Manhattan,61,Reade Street,10007,2126191080,50180286,http://www.tresorellenyc.com/,tresorellenyc.com,,
2026-05-13,THE COPPOLA CAFE,Coffee/Tea,Manhattan,171,West    4 Street,10014,9294309955,50182369,,,,
2026-05-13,MITANI NEW YORK,Japanese,Manhattan,455,Madison Avenue,10022,2125183276,50185488,,,,
2026-05-13,THE GEM SALOON,American,Manhattan,375,3 Avenue,10016,6466127757,50176355,http://www.thegemsaloonnyc.com/,thegemsaloonnyc.com,,
2026-05-12,BARLUME,Mediterranean,Manhattan,900,Broadway,10003,2069200167,50161512,https://barlume.com/,barlume.com,,
2026-05-12,ART MIDTOWN,American,Manhattan,351,West   38 Street,10018,7726963085,50152974,https://artrooftops.com/location/midtown/,artrooftops.com,,
2026-05-12,HIGH BAR ROOF TOP,American,Manhattan,350,West   40 Street,10018,9297970375,50170026,https://www.highbarnyc.co/,highbarnyc.co,,
2026-05-12,BENJI'S BUNS,Bakery Products/Desserts,Manhattan,122,Christopher Street,10014,6465038883,50174096,https://www.benjisbuns.com/,benjisbuns.com,,
2026-05-12,BUDDY'S,American,Manhattan,354,3 Avenue,10010,9175432948,50177553,https://www.buddysnyc.com/,buddysnyc.com,,
2026-05-12,SUSHI KING,Japanese,Manhattan,151,Allen Street,10002,6464100024,50183302,https://www.doordash.com/store/sushi-king-new-york-41604573/102005146/?pickup=true&utm_campaign=gpa,doordash.com,,
2026-05-12,BISTROT 3 TOROS,French,Manhattan,2026,2 Avenue,10029,3473238164,50183486,https://www.bistrot3toros.com/,bistrot3toros.com,,
2026-05-12,CHOPPED PARSLEY,Japanese,Manhattan,1730,Amsterdam Avenue,10031,9172884229,50185134,https://instagram.com/choppedparsley?igshid=YmMyMTA2M2Y=,instagram.com,,
2026-05-11,SEVEN FISH CUISINE,Chinese,Brooklyn,782,47 Street,11220,6462363392,50173456,https://suanxiaoqibk.com/,suanxiaoqibk.com,,
2026-05-11,BURGER KING,American,Brooklyn,1412,Myrtle Avenue,11237,5167671472,50181082,https://burgerking.com/store-locator/store/1898,burgerking.com,,
2026-05-11,ROLLCRAFT,Japanese,Manhattan,77,East   10 Street,10003,2018931848,50182448,,,,
2026-05-11,PHO TABLE,Asian/Asian Fusion,Brooklyn,1870,86 Street,11214,5157706076,50173251,https://photablerestaurants.com/,photablerestaurants.com,,
2026-05-11,JR VALLE RESTAURANT,Latin American,Manhattan,1944,Amsterdam Avenue,10032,9172570925,50183671,,,,
2026-05-11,PUNJABI CHAAP CORNER,Indian,Manhattan,110,Lexington Avenue,10016,5164987415,50178834,https://punjabichaapcorner.us/,punjabichaapcorner.us,,
2026-05-11,Aris pizza,Pizza,Brooklyn,4414,5 Avenue,11220,9176782129,50181036,http://arispizzany.com/?utm_source=gbp,arispizzany.com,,
2026-05-11,SHAH'S HALAL FOOD,Other,Brooklyn,1611,Broadway,11207,9173461436,50175963,https://www.shahshalalfood.com/,shahshalalfood.com,,
2026-05-09,THE G.O.A.T,Middle Eastern,Brooklyn,1726,Jerome Avenue,11235,7186761221,50170643,https://thegoat.love/,thegoat.love,,
2026-05-08,DUNKIN/MICHAEL H. OLLIS FERRY BOATS TAVERN,Coffee/Tea,Manhattan,4,South Street,10004,9292789304,50183447,https://locations.dunkindonuts.com/en/ny/new-york/4-south-street/366343?utm_source=google&utm_medium=local&utm_campaign=localmaps&utm_content=366343&y_source=1_MjAyMTk5NzYzOS03MTUtbG9jYXRpb24ud2Vic2l0ZQ%3D%3D,locations.dunkindonuts.com,,
2026-05-07,INDIA HOUSE,Other,Brooklyn,586,Nostrand Avenue,11216,6315327376,50181014,,,,
2026-05-07,TERA MERA,Indian,Brooklyn,272,Court Street,11231,9176222276,50169121,https://teramerabk.com/,teramerabk.com,,
2026-05-07,BLOSSOM KITCHEN,Other,Brooklyn,707,Nostrand Avenue,11216,7184931375,50176807,https://blossomkitchens.com/,blossomkitchens.com,,
2026-05-07,CANTINA ROOFTOP,Mexican,Manhattan,605,West   48 Street,10036,2129571800,41691166,http://cantinarooftop.com/,cantinarooftop.com,,
2026-05-07,HUDSON VU ROOFTOP (INK 48 HOTEL),American,Manhattan,653,11 Avenue,10036,9296007503,50163669,https://www.ink48.com/,ink48.com,,
2026-05-07,ASPHALT GREEN CAFE,American,Manhattan,555,East   90 Street,10128,7182084051,50172531,http://www.asphaltgreen.org/,asphaltgreen.org,,
2026-05-07,DRAGON CITY,Chinese,Brooklyn,4017,Avenue U,11234,3473746886,50182234,http://dragoncity4017.restaurant888.com/,dragoncity4017.restaurant888.com,,
2026-05-07,MADO RESTAURANT DU MONDE,African,Manhattan,2046,Adam Clayton Powell Jr Boulevard,,6465933098,50179702,,,,
2026-05-07,ROKSTAR CHICKEN,Chicken,Manhattan,52,East    8 Street,10003,6467915766,50183153,https://rokstarchicken.com/,rokstarchicken.com,,
2026-05-07,BROOKLYN CAFE & EATERY,American,Brooklyn,5922,Avenue N,11234,7182092246,50184188,http://brooklyncafe.nyc/,brooklyncafe.nyc,,
2026-05-07,EGGCELLENT TACOS,Mexican,Manhattan,400,Audubon Avenue,10033,7186832017,50181730,,,,
2026-05-06,MIXED INGREDIENTS,Coffee/Tea,Manhattan,71,Orchard Street,10002,3476804361,50177493,https://www.instagram.com/mixed.ingrdnts,instagram.com,,
2026-05-06,SWEET & FAVORITE CAKE SHOP,Bakery Products/Desserts,Brooklyn,2224,Avenue X,11235,9296341153,50179188,https://sweet-favorite.com/,sweet-favorite.com,,
2026-05-06,PIZZA POINT,Pizza,Manhattan,123,Nagle Avenue,10040,9292789945,50181025,http://pizzapointny.com/,pizzapointny.com,,
2026-05-06,HOM CAFE & WINE,Asian/Asian Fusion,Brooklyn,72,7 Avenue,11217,6315684754,50172946,http://www.sipathom.com/,sipathom.com,,
2026-05-06,HAPPY SANDWICH & DRINK,Sandwiches,Brooklyn,43,Hicks Street,11201,6466762170,50177739,,,,
2026-05-06,COLBO,Coffee/Tea,Manhattan,51,Orchard Street,10002,6466827944,50172081,https://colbo.nyc/,colbo.nyc,,
2026-05-06,FERMENTO,Pizza,Manhattan,226,Varick Street,10014,6464762260,50177809,https://www.fermentonyc.com/,fermentonyc.com,,
2026-05-06,CAFE AT THE BROOKLYN MUSEUM,Other,Brooklyn,200,Eastern Parkway,11238,2123376092,50175667,https://www.brooklynmuseum.org/,brooklynmuseum.org,,
2026-05-06,HOUSE OF DOMES,Italian,Manhattan,64,Charlton Street,10014,2122063766,50174342,https://houseofdomesnyc.com/,houseofdomesnyc.com,,
2026-05-06,SAMA'ZA,Pizza,Manhattan,370,West   51 Street,10019,2129330260,50182334,https://www.sama-za.com/,sama-za.com,,
2026-05-05,WATCHHOUSE COFFEE,Coffee/Tea,Manhattan,405,Lexington Avenue,10174,6465134121,50171319,https://watchhouse.com/en-us/blogs/locations/chrysler-building,watchhouse.com,,
2026-05-05,TAWNY,American,Manhattan,173,Henry Street,10002,9087701278,50172639,http://www.tawny.nyc/,tawny.nyc,,
2026-05-05,King Wok,Chinese,Brooklyn,3510,Nostrand Avenue,11229,7186152117,50174553,,,,
2026-05-05,POPS PIZZA,Pizza,Manhattan,975,8 Avenue,10019,5168497766,50182309,http://popspizzasmenu.com/,popspizzasmenu.com,,
2026-05-05,FRIED RICE KING,Other,Manhattan,230,Park Avenue,10169,9295715173,50169939,,,,
2026-05-05,LA LUZ DEL PUENTE,Latin American,Brooklyn,231,South    4 Street,11211,7183875111,50175254,,,,
2026-05-05,GREY DOG,American,Manhattan,304,West   56 Street,10019,6462595375,50179209,https://www.thegreydog.com/location/columbus-circle/,thegreydog.com,,
2026-05-05,LUCI'S CAFE,Other,Brooklyn,1183,Bedford Avenue,11216,3476929579,50180727,,,,
2026-05-05,HALAL MUNCHIES,Sandwiches,Manhattan,1810,3 Avenue,10029,9298901198,50181493,https://www.halalmunchiesus.com/3rd-ave-ny,halalmunchiesus.com,,
2026-05-05,MCDONALD'S,American,Manhattan,4259,Broadway,10033,2013940399,50183864,https://www.mcdonalds.com/us/en-us/location/NY/NEW-YORK/4259-BROADWAY/2970.html?cid=RF:YXT:GMB::Clicks,mcdonalds.com,,
2026-05-05,BEST WESTERN PREMIER,American,Manhattan,50,West   36 Street,10018,6318334030,50166684,https://www.bestwestern.com/en_US/book/hotel-rooms.33152.html?iata=00171880&ssob=BLBWI0004G&cid=BLBWI0004G:google:gmb:33152,bestwestern.com,,
2026-05-05,XI'AN FAMOUS FOODS,Chinese,Manhattan,62,Fulton Street,10038,6462098242,50182125,http://xianfoods.com/,xianfoods.com,,
2026-05-05,OLD HOMESTEAD,American,Manhattan,56,9 Avenue,10011,2122429040,40364715,https://www.theoldhomesteadsteakhouse.com/,theoldhomesteadsteakhouse.com,,
2026-05-05,YAWNING COBRA,American,Manhattan,356,Bowery,10012,6463703094,50173916,http://www.yawningcobranyc.com/,yawningcobranyc.com,,
2026-05-05,AVE J PIZZA,Jewish/Kosher,Brooklyn,1312,Avenue J,11230,7183388156,50179033,http://www.avejpizza.com/,avejpizza.com,,
2026-05-05,JOSEPH BROTHERS AT THE HUGH,American,Manhattan,601,Lexington Avenue,10022,6465267262,50179563,https://thehughnyc.com/restaurants/joseph-brothers,thehughnyc.com,,
2026-05-05,UNCLE ROGERS BAR/LACEY BURGER,Other,Brooklyn,704,Nostrand Avenue,11216,9494005179,50180884,,,,
2026-05-05,MISS YOLO'S TACOS,Mexican,Manhattan,230,Park Avenue,10169,6462665642,50154567,https://www.missyolostacos.com/,missyolostacos.com,,
2026-05-04,DUE FRATELLI,Pizza,Brooklyn,135,Wyckoff Avenue,11237,6318759544,50175193,http://duefratellifh.com/,duefratellifh.com,,
2026-05-04,SAAMO CAFE,Eastern European,Brooklyn,2568,86 Street,11214,7186761266,50175912,,,,
2026-05-04,CORNER BAR / SWAN ROOM,New American,Manhattan,54,Canal Street,10002,2106675921,50177069,http://cornerbarnyc.com/,cornerbarnyc.com,,
2026-05-04,LADY MOO MOO,Frozen Desserts,Brooklyn,1206,Halsey Street,11207,6464436786,50178971,http://www.ladymoomoo.com/,ladymoomoo.com,,
2026-05-04,BURGER KING,Sandwiches/Salads/Mixed Buffet,Manhattan,620,West  181 Street,10033,7187360999,50181134,,,,
2026-05-04,BEFINE CHA,Chinese,Manhattan,67,Bayard Street,10013,4699806788,50168389,,,,
2026-05-04,GENKI EAST OMAKASE,Japanese,Manhattan,111,Stanton Street,10002,6466675511,50174290,,,,
2026-05-04,THE BROTHERS CARIBBEAN RESTAURANT,Other,Brooklyn,213,Schenectady Avenue,11213,8454285640,50177488,https://the-brothers-caribbean-brooklyn.cloveronline.com/,the-brothers-caribbean-brooklyn.cloveronline.com,,
2026-05-04,PAISA PICAPOLLO,Latin American,Manhattan,501,West  167 Street,10032,7187175655,50179015,http://picapollo809.com/,picapollo809.com,,
2026-05-04,APOLLO 590 CAFE,American,Manhattan,590,Madison Avenue,10022,5166506016,50183478,http://www.590madisonavenue.com/,590madisonavenue.com,,
2026-05-04,HOLY SCHNITZEL,Sandwiches/Salads/Mixed Buffet,Brooklyn,819,Avenue U,11223,8629305180,50174789,https://www.holyschnitzel.com/locations/sheepshead-bay-ny,holyschnitzel.com,,
2026-05-04,CORNER BISTRO EAST,American,Manhattan,94,Avenue A,10009,9173882198,50174794,,,,
2026-05-04,HAUNGQI FISH BALLS INC,Chinese,Brooklyn,5221,Fort Hamilton Parkway,11219,3473951575,50176653,https://order.mealkeyway.com/customer/release/index?mid=655738664c56374d70714e4f4e6978656e79386f4d773d3d#/main,order.mealkeyway.com,,
2026-05-04,Gotham City Billiards,American,Brooklyn,93,Avenue U,11223,3478825862,50179939,http://www.gothamcitybilliards.com/,gothamcitybilliards.com,,
2026-05-04,COFFEECCINO,Turkish,Brooklyn,1206,Avenue U,11229,7184907779,50183405,https://www.instagram.com/coffeccino_nyc?igsh=MWd3YTZyanc3b3kxOQ==&utm_source=qr,instagram.com,,
2026-05-04,MANOLO TAPAS RESTAURANT,Tapas,Manhattan,4161,Broadway,10033,2129239100,41454995,http://www.manolotapas.net/,manolotapas.net,,
2026-05-04,VICTORIA PIZZA,Pizza,Brooklyn,2716,Gerritsen Avenue,11229,9179743116,50171360,https://www.victoriapizzabk.com/,victoriapizzabk.com,,
2026-05-04,GOLDEN STEAMER,Chinese,Brooklyn,1964,86 Street,11214,7189967888,50176674,,,,
2026-05-04,Q&I Bakery,Chinese,Brooklyn,6516,11 Avenue,11219,7182382638,50180948,,,,
2026-05-04,MR. BROADWAY,Jewish/Kosher,Brooklyn,1776,Ocean Avenue,11230,7186004499,50181553,https://www.mrbroadwaynyc.com/,mrbroadwaynyc.com,,
2026-05-04,HALSEY GRILL TAKEOUT,American,Brooklyn,2912,Beverley Rd,11226,3474968448,50183612,,,,
2026-05-02,PEP BAKEHOUSE & COFFEE SHOP,Other,Brooklyn,9413,3 Avenue,11209,6462439473,50175822,http://pepbakery.com/,pepbakery.com,,
2026-05-02,JOE'S STEAM RICE ROLL,Chinese,Brooklyn,774,58 Street,11220,7182101668,50176704,https://pos.chowbus.com/online-ordering/store/Joe-Rice-Noodle-Brooklyn/22503,pos.chowbus.com,,
2026-05-02,QAHWAH HOUSE COFFEE,Other,Brooklyn,8602,4 Avenue,11209,9293929442,50166119,https://qahwahhouse.com/,qahwahhouse.com,,
2026-05-02,MOMMY'S BAR,American,Brooklyn,323,Graham Avenue,11211,4258941293,50164461,https://www.mommysbar.com/,mommysbar.com,,
2026-05-02,BAYRIDGE FISH MARKET,Other,Brooklyn,7608,3 Avenue,11209,3478601392,50174088,https://bayridgefishmarket.com/,bayridgefishmarket.com,,
2026-05-02,ABEJA COFFEE,Coffee/Tea,Brooklyn,349,Scholes Street,11206,9178337080,50180959,https://www.abejacoffee.com/,abejacoffee.com,,
2026-05-02,HYDERABAD PERI PERI,Indian,Brooklyn,804,Grand St,11211,9174975594,50179593,https://hyderabadperiperi.com/,hyderabadperiperi.com,,
2026-05-02,MOONRISE BAKEHOUSE,Bakery Products/Desserts,Brooklyn,906,40 Street,11219,7184391928,50100574,http://www.moonrisebakehouse.com/,moonrisebakehouse.com,,
2026-05-01,CRAFTED HALAL,Mediterranean,Brooklyn,86,Bushwick Avenue,11211,3472234720,50177751,,,,
2026-05-01,SWEET & FAVORITE CAKE SHOP,Fusion,Brooklyn,2109,Avenue U,11229,9296341153,50178805,https://sweet-favorite.com/,sweet-favorite.com,,
2026-05-01,OBERON,American,Brooklyn,482,Driggs Avenue,11211,9173927850,50177199,https://oberon.nyc/,oberon.nyc,,
2026-05-01,SONNYBOY,Australian,Manhattan,65,Rivington Street,10002,9172734865,50156068,https://www.sonnyboynyc.com/,sonnyboynyc.com,,
2026-05-01,MATTER,Salads,Manhattan,170,Crosby Street,10012,6465656976,50175978,https://matterformula.com/,matterformula.com,,
2026-05-01,TAQUERIA EL CHATO,Mexican,Manhattan,120,Macdougal Street,10012,3475856531,50175227,https://taqueriaelchato.nyc/,taqueriaelchato.nyc,,
2026-05-01,LA TIENDA,Sandwiches,Brooklyn,5409,4 Avenue,11220,3472234501,50177377,,,,
2026-05-01,FLUFFIES HOT CHICKEN,American,Manhattan,66,West  125 Street,10027,9175457292,50183810,https://www.fluffieshotchicken.com/,fluffieshotchicken.com,,
2026-05-01,BROOKLYN FRENCH BAKERS,Bakery Products/Desserts,Brooklyn,41,Flatbush Avenue,11217,3475378638,50180406,,,,
2026-05-01,BALERA,Pizza,Brooklyn,442,Graham Avenue,11211,3473842188,50182709,https://www.balerabk.com/,balerabk.com,,
2026-04-30,RYRY'S,Other,Brooklyn,1140,Utica Avenue,11203,9176155981,50167590,http://uticatakeout.com/,uticatakeout.com,,
2026-04-30,BABBO,Italian,Manhattan,110,Waverly Place,10011,2127770303,50176258,https://babbonyc.com/?utm_source=GoogleBusinessProfile&utm_medium=Website&utm_campaign=MapLabs,babbonyc.com,,
2026-04-30,SAKURA JAPAN,Asian/Asian Fusion,Brooklyn,587,Wilson Avenue,11207,3473228640,50180700,https://sakurajapannyc.com/,sakurajapannyc.com,,
2026-04-30,STEAK STREET,Steakhouse,Manhattan,642,Lexington Avenue,10022,6462705577,50181479,http://steakst.com/,steakst.com,,
2026-04-30,ONETWOONE CAFÉ,Coffee/Tea,Brooklyn,121,Ralph Avenue,11221,7189130277,50182064,http://www.onetwoonecafe.com/,onetwoonecafe.com,,
2026-04-30,MCDONALD'S,Hamburgers,Manhattan,824,3 Avenue,10022,9147434484,50183892,https://www.mcdonalds.com/us/en-us/location/NY/NEW-YORK/824-3RD-AVENUE-50TH-ST/17631.html?cid=RF:YXT:GMB::Clicks,mcdonalds.com,,
2026-04-30,PATTIN',New American,Manhattan,242,West   49 Street,10019,2122923171,50178751,https://www.pattinnyc.com/,pattinnyc.com,,
2026-04-30,JUDY,Korean,Manhattan,380,5 Avenue,10018,2126438785,50049260,,,,
2026-04-30,LITTLE CUPCAKE BAKESHOP,Bakery Products/Desserts,Manhattan,270,Bleecker Street,10014,2122439900,50175657,https://www.littlecupcakebakeshop.com/,littlecupcakebakeshop.com,,
2026-04-30,THEY SAY THAT,Thai,Brooklyn,615,Wilson Avenue,11207,3476776610,50178912,,,,
2026-04-30,AL REEF BAKERY & RESTAURANT,Middle Eastern,Brooklyn,7905,5 Avenue,11209,7189280000,50176023,https://alreefbakeryandrestaurant.com/,alreefbakeryandrestaurant.com,,
2026-04-30,PARK ROSE,Italian,Manhattan,444,Park Avenue South,10016,5513455118,50179759,https://www.parkrosenyc.com/,parkrosenyc.com,,
2026-04-29,Client Center,American,Manhattan,270,Park Avenue,10017,9175312269,50172020,https://www.jpmorganchase.com/,jpmorganchase.com,,
2026-04-29,BLANK STREET,Coffee/Tea,Manhattan,442,6 Avenue,10011,9174122680,50173818,http://blankstreet.com/,blankstreet.com,,
2026-04-29,EXECUTIVE DINING ROOM,American,Manhattan,388,Greenwich Street,10013,2125199422,50176243,,,,
2026-04-29,BUB'S BAKERY,Coffee/Tea,Manhattan,325,Lafayette Street,10012,8622924445,50176854,http://www.bubsbakery.com/,bubsbakery.com,,
2026-04-29,JOY'S CAFE,Chinese,Manhattan,60,Bayard Street,10013,6466092331,50181932,https://www.joyscafenyc.com/,joyscafenyc.com,,
2026-04-29,KITH,American,Manhattan,337,Lafayette Street,10012,9174591305,50170690,https://kith.com/pages/kith-manhattan,kith.com,,
2026-04-29,MIKADO,Japanese,Brooklyn,931,Manhattan Avenue,11222,7183010571,50176388,https://newmikadonyc.com/,newmikadonyc.com,,
2026-04-29,SOMETHING GREEN,American,Manhattan,39,West   23 Street,10010,9174426903,50177051,https://www.somethingreen.com/,somethingreen.com,,
2026-04-29,PROFIT CHINESE RESTAURANT,Chinese,Manhattan,643,2 Avenue,10016,9173868863,50181860,http://www.profitchinese.com/,profitchinese.com,,
2026-04-29,SHO TSE,Eastern European,Manhattan,120,Christopher Street,10014,6465298339,50149500,https://www.instagram.com/shotse_nyc/,instagram.com,,
2026-04-29,MAMALI,Eastern European,Manhattan,70,Christopher Street,10014,9298998098,50168021,https://mamalinyc.com/,mamalinyc.com,,
2026-04-29,COOL SIPS,Coffee/Tea,Manhattan,156,Sullivan Street,10012,9176995539,50173112,https://www.coolsips.love/,coolsips.love,,
2026-04-29,TUTT HEIGHTS,Middle Eastern,Brooklyn,47,Hicks Street,11201,7187227777,50177016,http://www.ordertuttcafe.com/,ordertuttcafe.com,,
2026-04-29,FRIDA'S,Mexican,Brooklyn,1264,Myrtle Avenue,11221,9293466005,50182857,https://fridasbushwickny.com/,fridasbushwickny.com,,
2026-04-29,MOTEK,Jewish/Kosher,Manhattan,184,Bleecker Street,10012,7862398169,50185342,http://motek.com/,motek.com,,
2026-04-29,LITTLE BRANCH,American,Manhattan,20,7 Avenue South,10014,2129294360,50097492,,,,
2026-04-29,LITTLE BANCHAN SHOP,Korean,Manhattan,25,11 Avenue,10011,6466178577,50151728,http://bibimbapbar.square.site/,bibimbapbar.square.site,,
2026-04-29,ZUCKER'S BAGELS & SMOKED FISH,Bagels/Pretzels,Brooklyn,356,Devoe Street,11211,2126611520,50179362,https://www.zuckersbagels.com/,zuckersbagels.com,,
2026-04-29,UPSIDE PIZZA,Pizza,Manhattan,63,Wall Street,10005,9176869217,50182108,http://upsidepizza.com/,upsidepizza.com,,
2026-04-28,CHEESE WHEEL PASTAS,Italian,Manhattan,5,Carmine Street,10014,2126931600,50177372,,,,
2026-04-28,BIRDIE'S,Frozen Desserts,Manhattan,152,7 Avenue South,10014,__________,50177786,http://birdiesnyc.com/,birdiesnyc.com,,
2026-04-28,CAFFE NEGRONI,Italian,Brooklyn,308,86 Street,11209,7182194101,50178543,,,,
2026-04-28,KUNG FU TEA,Russian,Brooklyn,80,Livingston Street,11201,9179815877,50179096,https://www.kungfutea.com/?srsltid=AfmBOord6HVIExFcdwT4rmVbriuiL13i3YbgfVDGaKKorTuH-9K-laFY,kungfutea.com,,
2026-04-28,STUDIO 151,Japanese,Manhattan,151,Avenue C,10009,6469432816,50012601,http://studioonefiftyone.com/,studioonefiftyone.com,,
2026-04-28,TOUS LES JOURS,Bakery Products/Desserts,Manhattan,24,East   23 Street,10010,2817160194,50177118,https://tljus.com/stores/new-york-24-e-23rd-st?utm_source=google&utm_medium=gbp&utm_campaign=madisonsquarepark,tljus.com,,
2026-04-28,TERIYAKI ONE,Other,Brooklyn,500,Fulton Street,11201,5164032988,50180224,https://teriyakione.com/,teriyakione.com,,
2026-04-28,SORATE,Other,Manhattan,30,East   18 Street,10003,7185942393,50175890,http://www.sorate.co/,sorate.co,,
2026-04-28,FAST TIMES/BUCK MASON,Coffee/Tea,Manhattan,486,Broadway,10013,3322517560,50172689,http://fasttimescoffee.com/,fasttimescoffee.com,,
2026-04-28,LATTE DA,Coffee/Tea,Brooklyn,280,86 Street,11209,3474920223,50178102,https://www.lattedacafes.com/,lattedacafes.com,,
2026-04-28,THE MAZE,New American,Manhattan,43,West   24 Street,10010,2012323206,50179161,http://www.themazenyc.com/,themazenyc.com,,
2026-04-28,SUNDAY MORNING,Bakery Products/Desserts,Manhattan,11,West   25 Street,10010,7865536409,50181856,https://www.sundaymorningnyc.com/,sundaymorningnyc.com,,
2026-04-27,STARBUCKS,Coffee/Tea,Manhattan,2,Broadway,10004,2126159736,50168556,https://www.starbucks.com/store-locator/store/12804/,starbucks.com,,
2026-04-27,KRAVE IT PIZZA & SANDWICH JOINT,Pizza,Brooklyn,11,Bogart Street,11206,9295088629,50179972,https://kraveitny.com/kraveitpizza-brooklyn?utm_source=google,kraveitny.com,,
2026-04-27,HELLO SWEET SPOT,Pancakes/Waffles,Brooklyn,923,Cortelyou Road,11218,9297613787,50180460,,,,
2026-04-27,EDOYA SUSHI,Japanese,Manhattan,151,Rivington Street,10002,2122560571,50184425,http://edoyasushi.org/,edoyasushi.org,,
2026-04-27,FROZEN LOVE,Other,Manhattan,122,La Salle Street,10027,9173256400,50159261,,,,
2026-04-27,NYC PIZZERIA,Pizza,Manhattan,393,8 Avenue,10001,3473489702,50172624,,,,
2026-04-27,POWERHOUSE GYM,Other,Manhattan,158,West   27 Street,10001,9174946424,50178873,https://www.powerhousegymnyc.com/,powerhousegymnyc.com,,
2026-04-27,TOMAS SANDWICH SHOP,American,Manhattan,930,Columbus Avenue,10025,9176513179,50180968,https://tomassanwichshop.com/,tomassanwichshop.com,,
2026-04-27,LAHANA AUTHENTIC INDIAN CUISINE,Indian,Manhattan,803,9 Avenue,10019,2124591515,50182861,https://lahanaindiancuisine.com/,lahanaindiancuisine.com,,
2026-04-27,BKB,Other,Brooklyn,327,Stuyvesant Avenue,11233,9176316347,50171214,https://www.bkbnyc.com/,bkbnyc.com,,
2026-04-27,BIRCH COFFEE,Coffee/Tea,Manhattan,230,Park Avenue,10169,6315593621,50176048,https://birchcoffee.com/,birchcoffee.com,,
2026-04-27,COOKIE ODYSSEY,Bakery Products/Desserts,Manhattan,1414,2 Avenue,10021,9178484445,50182066,,,,
2026-04-27,NATURAL BLEND,Caribbean,Brooklyn,11,Stanwix Street,11206,9176094737,50177171,,,,
2026-04-27,VANDERBUILT MARKET  - BARS & EATERIES / BELLO ANGELO,American,Manhattan,230,Park Avenue,10169,6468742043,50178538,https://www.belloandangelo.com/,belloandangelo.com,,
2026-04-26,THE BLUE BLOSSOM,Chinese/Japanese,Brooklyn,135,North    5 Street,11249,9296993650,50176849,https://www.theblueblossomny.com/,theblueblossomny.com,,
2026-04-25,Fu Wing Cuisine,Chinese,Manhattan,153,East  106 Street,10029,2129875329,50181366,,,,
2026-04-25,VIEW LOUNGE,American,Manhattan,1535,Broadway,10036,2127048900,40750343,https://www.theviewnewyorkcity.com/,theviewnewyorkcity.com,,
2026-04-25,PLATINUM DOLLS GENTLEMEN'S CLUB,American,Manhattan,725,7 Avenue,10019,9547096284,50083763,http://www.platinumdollsnyc.com/,platinumdollsnyc.com,,
2026-04-25,J LOFT,American,Brooklyn,1055,East   45 Street,11203,3474057799,50062967,http://www.jloftevents.com/,jloftevents.com,,
2026-04-25,XI'AN FAMOUS FOODS,Chinese,Manhattan,885,8 Avenue,10019,6462098242,50178814,http://xianfoods.com/,xianfoods.com,,
2026-04-24,GOLDEN RATIO,American,Brooklyn,216,Greene Avenue,11238,7186222702,50179527,https://www.goldenrationyc.com/,goldenrationyc.com,,
2026-04-24,MEILAIXUAN,Other,Manhattan,62,Bayard Street,10013,9175381872,50181545,https://meilaixuanresturant.com/?utm_source=google,meilaixuanresturant.com,,
2026-04-24,MI CASA RESTAURANT CON NCY,Latin American,Manhattan,1552,Saint Nicholas Avenue,10040,6462477757,50173574,http://micasarestaurantnewyork.com/,micasarestaurantnewyork.com,,
2026-04-24,MILLY'S,American,Brooklyn,397,Greene Avenue,11216,7182553220,50151047,https://millysny.com/,millysny.com,,
2026-04-24,BONI & MOTT,Mediterranean,Manhattan,238,Mott Street,10012,6464541216,50156176,https://boniandmott.com/,boniandmott.com,,
2026-04-24,TURBO PIZZA,Pizza,Brooklyn,1540,Dekalb Avenue,11237,4408214054,50171894,https://www.turbo.pizza/,turbo.pizza,,
2026-04-24,AYAH,Moroccan,Manhattan,77,West Houston Street,10012,2125018900,50175654,https://www.ayahrestaurant.com/,ayahrestaurant.com,,
2026-04-23,THE GOOD GOOD,American,Manhattan,1694,Park Avenue,10035,9174090103,50105429,http://www.thegoodgoodnyc.com/,thegoodgoodnyc.com,,
2026-04-23,KUN TSUKI XTRA,Japanese,Manhattan,464,West   51 Street,10019,5168066688,50159786,https://kuntsukiomakase.com/,kuntsukiomakase.com,,
2026-04-23,EATS ON 57 MARKETPLACE,American,Manhattan,363,West   57 Street,10019,2122561960,50179730,https://eatson57.com/,eatson57.com,,
2026-04-23,BAIWEIXIAN,Chinese,Brooklyn,5117,8 Avenue,11220,9173840888,50181864,,,,
2026-04-23,TP TEA,Coffee/Tea,Manhattan,330,West   58 Street,10019,2127067860,50171914,https://order.snackpass.co/tpteacolumbuscirclew58thst,order.snackpass.co,,
2026-04-23,HUSO,Haute Cuisine,Manhattan,190A,Duane Street,10013,5612127799,50179899,http://husony.com/,husony.com,,
2026-04-23,LUX BAKERY 1,Bakery Products/Desserts,Brooklyn,6816,4 Avenue,11220,7186802988,50180726,,,,
2026-04-23,LAZA DESSERTS,Middle Eastern,Brooklyn,6740,5 Avenue,11220,3478633409,50181503,https://lazadessert.cafe/,lazadessert.cafe,,
2026-04-23,K'FAR,American,Brooklyn,97,Wythe Avenue,11249,2124706917,50078937,https://www.kfarbrooklyn.com/,kfarbrooklyn.com,,
2026-04-23,Sunset Coffee Shop,Spanish,Brooklyn,5502,3 Avenue,11220,3473372102,50184413,,,,
2026-04-23,BECCO,Italian,Manhattan,355,West   46 Street,10036,2123977597,40395055,http://www.becco-nyc.com/,becco-nyc.com,,
2026-04-23,MANGOSEEDS,Other,Brooklyn,755,Flatbush Avenue,11226,7185136084,50168365,http://www.mangoseedbrooklyn.com/,mangoseedbrooklyn.com,,
2026-04-23,OFCORSICA,French,Manhattan,25,11 Avenue,10011,6464757752,50170923,https://ofcorsicanyc.com/,ofcorsicanyc.com,,
2026-04-23,CHOCOLATE CONNECTS,Bakery Products/Desserts,Brooklyn,994,Coney Island Avenue,11230,7186032068,50175668,http://chocolateconnects.com/,chocolateconnects.com,,
2026-04-23,FALAFEL TANAMI,Jewish/Kosher,Brooklyn,1824,Avenue M,11230,7184839100,50175415,http://www.falafeltanami.getsauce.com/?utm_source=GMB&utm_medium=Website%20button&utm_id=Falafel%20Tanami,falafeltanami.getsauce.com,,
2026-04-23,BEST DAMN BREAKFAST BURRITO,American,Manhattan,345,East   12 Street,10003,6466266738,50177152,https://www.bestdamnbreakfastburrito.com/,bestdamnbreakfastburrito.com,,
2026-04-22,POPPY,New American,Manhattan,505,East   12 Street,10009,2125375599,50164593,https://www.poppyeastvillage.com/,poppyeastvillage.com,,
2026-04-22,PALMA,Italian,Manhattan,28,Cornelia Street,10014,2126912223,40803254,https://www.palmanyc.com/,palmanyc.com,,
2026-04-22,AUGUST WILSON THEATER,American,Manhattan,245,West   52 Street,10019,9174359178,50164647,https://us.atgtickets.com/venues/august-wilson-theatre/whats-on/?utm_source=google&utm_medium=organic&utm_campaign=gmb,us.atgtickets.com,,
2026-04-22,SHOWA ERA,Japanese,Manhattan,767,9 Avenue,10019,3475068832,50181337,https://www.showaeranyc.com/,showaeranyc.com,,
2026-04-22,Maui Poke,Other,Brooklyn,6731,Bay Parkway,11204,6468649977,50182864,https://order.toasttab.com/online/maui-poke-brooklyn-6731-bay-pkwy,order.toasttab.com,,
2026-04-22,CHILO'S,Tex-Mex,Brooklyn,323,Franklin Avenue,11238,9177232884,50180323,http://chilosbk.com/,chilosbk.com,,
2026-04-22,MOLLY’S COFFEE HOUSE,Coffee/Tea,Manhattan,22,Saint Marks Place,10003,9177535665,50181571,,,,
2026-04-22,HIGHLIFE / EL CAMINO,American,Manhattan,135,1 Avenue,10003,6463689955,50165070,https://highlifeburger.com/,highlifeburger.com,,
2026-04-22,FORTUNA,Mediterranean,Manhattan,275,1 Avenue,10003,9172028438,50166521,https://fortunanyc.com/,fortunanyc.com,,
2026-04-22,NASA CAFE,Sandwiches,Manhattan,653,10 Avenue,10036,5514448804,50172205,https://nasacafe.com/,nasacafe.com,,
2026-04-22,JUST SALAD,Salads,Brooklyn,445,Albee Square,11201,7323004245,50178569,https://www.justsalad.com/,justsalad.com,,
2026-04-22,I'M DONUT?,Donuts,Manhattan,154,West   45 Street,10036,9175888339,50179789,https://www.imdonut.nyc/,imdonut.nyc,,
2026-04-21,5 PENN COFFEE BAR,American,Manhattan,5,Penn Plaza,10001,9175928532,50178911,https://www.thelanding.nyc/?y_source=1_OTI3NjY5NDAtNzE1LWxvY2F0aW9uLndlYnNpdGU%3D,thelanding.nyc,,
2026-04-21,KORN'S BAKERY,Jewish/Kosher,Brooklyn,454,Bedford Avenue,11249,3477439842,50179647,,,,
2026-04-21,EL ANTIGUO CEVICOS,Other,Manhattan,125,Nagle Avenue,10040,9292178365,50181633,,,,
2026-04-21,DUNKIN,American,Manhattan,20,Hudson Yards,10001,2123939280,50181731,,,,
2026-04-21,SALENTO COLOMBIAN CAFE,Bakery Products/Desserts,Manhattan,132,Hamilton Place,10031,2012909248,50175052,https://www.salento-ny.com/,salento-ny.com,,
2026-04-21,98K CHICKEN & BURGERS,Chicken,Brooklyn,2114,Nostrand Avenue,11210,6465689199,50181566,https://www.order.store/store/98k-chicken-%26-burgers-nostrand-ave/pWQ64u3hX2-aX61VZONS-A,order.store,,
2026-04-21,ORIGINAL ROMA PIZZA,Pizza,Manhattan,1562,3 Avenue,10128,2019663971,50183352,http://originalromapizza.com/,originalromapizza.com,,
2026-04-21,VELVETTE ESPRESSO BAR,Coffee/Tea,Manhattan,130,West   25 Street,10001,7189719131,50174788,,,,
2026-04-21,KING'S KITCHEN,Chinese,Manhattan,58,Mott Street,10013,9179455892,50176013,http://kingskitchenusa.com/,kingskitchenusa.com,,
2026-04-21,JUST SALAD,Soups/Salads/Sandwiches,Manhattan,20,Hudson Yards,10001,2122441111,50178576,https://www.justsalad.com/,justsalad.com,,
2026-04-21,EAST BY WEST OMAKASE,Japanese,Manhattan,417,West   50 Street,10019,9292932695,50183085,https://www.eastbywestomakase.com/,eastbywestomakase.com,,
2026-04-21,NAYA,Middle Eastern,Manhattan,20,Hudson Yards,10001,2125979168,50172917,https://www.eatnaya.com/,eatnaya.com,,
2026-04-21,VIVIBOWL,Asian/Asian Fusion,Manhattan,303,Park Avenue South,10010,6463989218,50178659,https://www.vivibowl.us/,vivibowl.us,,
2026-04-21,REL8TIV INC,Other,Brooklyn,320,Franklin Avenue,11238,3233718103,50181508,,,,
2026-04-21,PIZZA DAA ROMA,American,Manhattan,621,2 Avenue,10016,6465967071,50181560,https://www.facebook.com/profile.php?id=61587048526150&mibextid=wwXIfr,facebook.com,,
2026-04-20,MEAT UP,Mediterranean,Brooklyn,22,Old Fulton Street,11201,3477548064,50172473,https://meatupgyro.com/,meatupgyro.com,,
2026-04-20,GLATT 16TH,Other,Brooklyn,4809,16 Avenue,11204,6462413418,50173802,,,,
2026-04-20,ZARA PIZZA,Pizza,Manhattan,84,Hester Street,10002,9172944135,50174161,http://www.zarapizzamenu.com/,zarapizzamenu.com,,
2026-04-20,MAYA MEXICAN GRILL,Mexican,Manhattan,1586,1 Avenue,10028,3474764590,50181829,https://mayamexgrill.com/,mayamexgrill.com,,
2026-04-20,WIN HING,Chinese,Brooklyn,9816,4 Avenue,11209,7189215926,50167445,http://www.winhingny.com/,winhingny.com,,
2026-04-20,CIBAO,Latin American,Manhattan,72,Clinton Street,10002,2122280703,50177837,http://cibaorestaurant.com/,cibaorestaurant.com,,
2026-04-20,FUSHIMI AT BAY RIDGE,Japanese,Brooklyn,9316,4 Avenue,11209,7188337788,50166680,https://fushimibayridge.com/,fushimibayridge.com,,
2026-04-20,DELANCEY STREET PIZZA,Pizza,Manhattan,61,Delancey Street,10002,6464484388,50177508,http://delanceystreetpizzany.com/,delanceystreetpizzany.com,,
2026-04-20,MALA PANDA,Chinese/Japanese,Manhattan,105,West   27 Street,10001,7184158888,50181643,,,,
2026-04-19,ARCHER & GOAT,American,Manhattan,187,Lenox Avenue,10026,9172616602,50086291,https://www.archerandgoat.com/,archerandgoat.com,,
2026-04-18,DOS TOROS TAQUERIA,Tex-Mex,Brooklyn,1,Boerum Place,11201,9295485913,50179334,https://www.dostoros.com/,dostoros.com,,
2026-04-18,FREETOWN KITCHEN,African,Brooklyn,1172,Park Place,11213,3474956503,50180357,,,,
2026-04-18,SUSHI LIN,Japanese,Brooklyn,78,Clark Street,11201,6467245104,50136041,https://www.sushilinny.com/,sushilinny.com,,
2026-04-18,SHUN LEE PALACE,Chinese,Manhattan,155,East   55 Street,10022,2123718844,50183187,http://www.shunlee-palace.com/,shunlee-palace.com,,
2026-04-18,HAMILTON PIZZA AND PASTA,Spanish,Brooklyn,9050,Fort Hamilton Parkway,11209,7184045134,50172936,http://menus.fyi/11443432,menus.fyi,,
2026-04-17,The A. Lounge (Hotel AKA NoMad),New American,Manhattan,131,Madison Avenue,10016,2124482000,50183220,https://www.stayaka.com/hotel-aka-nomad/wine-bar-lounge,stayaka.com,,
2026-04-17,M & H BAKERY,Bakery Products/Desserts,Brooklyn,5808,Fort Hamilton Parkway,11219,6467448384,50180407,,,,
2026-04-17,OH MERCY,American,Brooklyn,128,Franklin Street,11222,9293683236,50181979,http://ohmercy.cafe/,ohmercy.cafe,,
2026-04-17,ANZA CAFE,American,Manhattan,1389,Madison Avenue,10029,9292178365,50179510,http://champignoncafe.com/,champignoncafe.com,,
2026-04-17,BAR HERETIC,New American,Brooklyn,270,Clermont Avenue,11205,7185763957,50178299,https://www.barheretic.com/,barheretic.com,,
2026-04-17,COMMUNE,American,Brooklyn,415,Classon Avenue,11238,7187813330,50181173,http://commune-nyc.com/,commune-nyc.com,,
2026-04-16,TWISTED KNOT CAFE & LOUNGE,American,Manhattan,33,West   37 Street,10018,3133633032,50178504,http://www.marriott.com/nycvc,marriott.com,,
2026-04-16,SWAGAT,Indian,Manhattan,411A,Amsterdam Avenue,10024,2123621400,41569904,https://www.swagatny.com/,swagatny.com,,
2026-04-16,BY & BY,Other,Manhattan,644,10 Avenue,10036,6464764022,50165378,https://byandbynyc.com/,byandbynyc.com,,
2026-04-16,DYNAMO ROOM,Steakhouse,Manhattan,2,Penn Plaza,10121,2032979477,50167197,https://thedynamoroom.com/,thedynamoroom.com,,
2026-04-16,VERONICA'S CAFE,Latin American,Manhattan,48,West   46 Street,10036,9174349350,50180153,https://veronicascafes.com/,veronicascafes.com,,
2026-04-16,CHIPOTLE MEXICAN GRILL #5068,Other,Brooklyn,1681,Pitkin Avenue,11212,6143182482,50180923,https://locations.chipotle.com/ny/brooklyn/1681-pitkin-ave?utm_source=google&utm_medium=yext&utm_campaign=yext_listings?restaurant=5068,locations.chipotle.com,,
2026-04-16,AUTUMN ASIAN RESTAURANT,Chinese,Brooklyn,349,Flatbush Avenue,11238,6465935586,50181262,http://autumnasian.com/,autumnasian.com,,
2026-04-16,TEQUILA CHITO'S MEXICAN GRILL,Mexican,Manhattan,358,West   23 Street,10011,2124630535,41256155,,,,
2026-04-16,PURE EATS,"Juice, Smoothies, Fruit Salads",Brooklyn,147,Greenpoint Avenue,11222,6078423348,50165039,http://pureeats.com/,pureeats.com,,
2026-04-16,TAQUERIA EL CHATO,Mexican,Brooklyn,620,Manhattan Avenue,11222,9175758384,50174843,,,,
2026-04-16,GOLDEN RICE,Chinese,Brooklyn,6515,18 Avenue,11204,7187596300,50181139,,,,
2026-04-16,WENDY'S,Hamburgers,Brooklyn,277,Broadway,11211,2126191222,50182705,https://locations.wendys.com/united-states/ny/brooklyn/277-broadway?utm_source=Yext&utm_medium=Google_My_Business&utm_campaign=Local_Search&utm_content=EN_US,locations.wendys.com,,
2026-04-16,URBAN BACKYARD,Coffee/Tea,Manhattan,161,6 Avenue,10013,4438392392,50172475,https://www.urbanbackyardnyc.com/,urbanbackyardnyc.com,,
2026-04-16,LOADED,Portuguese,Manhattan,182,Avenue B,10009,3478078023,50176752,https://www.loadedny.com/,loadedny.com,,
2026-04-16,BB36609BB LLC,Other,Manhattan,366,West   46 Street,10036,2126732273,50165849,https://bareburger.com/,bareburger.com,,
2026-04-15,BAR PRIMI,Italian,Manhattan,349,West   33 Street,10001,9415442081,50149726,https://www.barprimi.com/penn-district,barprimi.com,,
2026-04-15,THE LIVING ROOM,Other,Manhattan,500,West   18 Street,10011,9296675875,50177571,https://www.faena.com/new-york,faena.com,,
2026-04-15,MIZNON,Mediterranean,Manhattan,30,Rockefeller Plaza,10112,6463604730,50177871,https://www.miznonusa.com/,miznonusa.com,,
2026-04-15,Matto,Coffee/Tea,Manhattan,15,West   38 Street,10018,6465333661,50177913,http://www.matto.com/,matto.com,,
2026-04-15,STUDIO CAFE,Coffee/Tea,Manhattan,144,West  125 Street,10027,9145574078,50178047,https://www.studiomuseum.org/,studiomuseum.org,,
2026-04-15,CONECTICUT MUFFINS,Other,Brooklyn,206,Prospect Park West,11215,3477015995,50181141,,,,
2026-04-15,WHITFIELD'S RESTAURANT BK2,Soul Food,Brooklyn,197,Patchen Avenue,11233,7185340481,50182282,https://www.whitfieldsrestuarantbk.com/,whitfieldsrestuarantbk.com,,
2026-04-15,7TH STREET BURGER,Hamburgers,Brooklyn,1409,Kings Highway,11229,6462246919,50177229,https://locations.7thstreetburger.com/locations/ny/brooklyn/1409-kings-highway,locations.7thstreetburger.com,,
2026-04-15,LA BOCA,Other,Manhattan,500,West   18 Street,10011,9296675875,50177567,https://www.faena.com/new-york/dining/la-boca-by-francis-mallmann?utm_source=google-gbp&utm_medium=organic&utm_campaign=gbp,faena.com,,
2026-04-15,TITO'S RESTAURANT,Spanish,Brooklyn,1708,86 Street,11214,9293014067,50178018,,,,
2026-04-15,CARROT EXPRESS,Soups/Salads/Sandwiches,Manhattan,100,Kenmare Street,10012,7865540818,50180592,https://carrotexpress.com/?olonwp=JjBtp_vMLk25gkYh_bnoiQ,carrotexpress.com,,
2026-04-15,Casita of Brooklyn,Coffee/Tea,Manhattan,300,East   86 Street,10028,9175136773,50181362,http://casitaofbk.com/,casitaofbk.com,,
2026-04-15,SONNY'S CORNER,American,Brooklyn,142,Franklin Street,11222,9177550002,50182531,https://www.sonnyscorner.com/,sonnyscorner.com,,
2026-04-15,La Panineria,Italian,Manhattan,616A,Amsterdam Avenue,10024,9172830197,50178806,https://www.lapanineria.com/,lapanineria.com,,
2026-04-15,NAYA,Middle Eastern,Manhattan,30,Rockefeller Plaza,10112,2125979158,50171263,https://www.eatnaya.com/,eatnaya.com,,
2026-04-15,TINTO,Latin American,Manhattan,41,Monroe Street,10002,3322326319,50178354,,,,
2026-04-15,CHOPPED,Sandwiches,Manhattan,101,Macdougal Street,10012,6463603251,50180767,http://chopped101.com/,chopped101.com,,
2026-04-15,JOE'S PIZZA (PIES ONLY),Pizza,Manhattan,1441,Broadway,10018,6465976103,50181327,https://www.joespizzanyc.com/,joespizzanyc.com,,
2026-04-15,GERTIE,American,Brooklyn,602,Vanderbilt Avenue,11238,7182101994,50179499,https://www.gertie.nyc/,gertie.nyc,,
2026-04-14,MAISON NUR,New French,Manhattan,217,Bowery,10002,9176356461,50169976,https://maisonnur.nyc/,maisonnur.nyc,,
2026-04-14,POPUP BAGELS,Bagels/Pretzels,Manhattan,20,East   16 Street,10003,9174175555,50177676,https://www.popupbagels.com/,popupbagels.com,,
2026-04-14,MEZEH,Mediterranean,Manhattan,1700,Broadway,10019,7187015366,50177990,https://www.mezeh.com/location/1700-broadway,mezeh.com,,
2026-04-14,BOONGS GRAB & GO,Chinese,Manhattan,77,3 Avenue,10003,6469830367,50178037,,,,
2026-04-14,EMO KIM BOB,Korean,Manhattan,2,West   32 Street,10001,2125941466,50179043,,,,
2026-04-14,SAXBYS,Other,Manhattan,140,West   62 Street,10023,5707782381,50176207,https://www.saxbyscoffee.com/,saxbyscoffee.com,,
2026-04-14,LA PERLA NASCOTA,Italian,Manhattan,206,West   79 Street,10024,6465100943,50178106,http://www.laperlanascosta.com/,laperlanascosta.com,,
2026-04-14,ZARA TERRACE,Turkish,Manhattan,862,2 Avenue,10017,9178170746,50176977,https://www.zaraterrace.com/,zaraterrace.com,,
2026-04-14,THE CAFE @ CORNELL TECH,American,Manhattan,2,W Loop Rd,10044,9174179287,50178227,http://thecafe.tech.cornell.edu/,thecafe.tech.cornell.edu,,
2026-04-14,86 GOLDEN BAY RESTAURANT,Chinese,Brooklyn,2144,86 Street,11214,7186187939,50180504,,,,
2026-04-14,WHITE NOISE,Coffee/Tea,Manhattan,606,West   57 Street,10019,6465960022,50150892,https://whitenoisecoffee.com/new-york/midtown-manhattan/,whitenoisecoffee.com,,
2026-04-14,LA BOMBONIERA,Coffee/Tea,Manhattan,203,West   82 Street,10024,3474395842,50177938,http://labombonieranyc.com/,labombonieranyc.com,,
2026-04-14,SWEETGREEN,Salads,Manhattan,870,Broadway,10003,6462956677,50178823,https://www.sweetgreen.com/locations/union-square,sweetgreen.com,,
2026-04-14,DISTRICT TACO,Mexican,Brooklyn,531,Myrtle Avenue,11205,9179477711,50181353,https://www.districttaco.com/?olonwp=JjBtp_vMLk25gkYh_bnoiQ,districttaco.com,,
2026-04-14,RENNY RESTAURANT,Other,Brooklyn,1571,Broadway,11207,9177034906,50182269,https://www.renkosher.com/,renkosher.com,,
2026-04-14,BAO NOODLE HOUSE,Chinese,Manhattan,110,Bowery,10013,6465486895,50179411,https://www.baonoodlehouse.com/,baonoodlehouse.com,,
2026-04-14,LUIGI'S PIZZA,Pizza,Brooklyn,1615,Avenue U,11229,7183829100,50181817,https://www.luigispizzamenu.com/?utm_source=gbp,luigispizzamenu.com,,
2026-04-13,HARLEM BLENDS,"Juice, Smoothies, Fruit Salads",Manhattan,2360,Frederick Douglass Boulevard,,6466492007,50177721,,,,
2026-04-13,JAY & SON LATIN FLAVOR,Latin American,Brooklyn,879,Broadway,11206,3478183049,50178495,https://echo-con-amor-studio.lovable.app/,echo-con-amor-studio.lovable.app,,
2026-04-13,STARBUCKS,Coffee/Tea,Manhattan,1,7 Avenue,10011,6469149717,50181264,,,,
2026-04-13,LEBRON CAFE,"Juice, Smoothies, Fruit Salads",Manhattan,3835,9 Avenue,10034,3475382570,50178995,https://lebroncafe.com/,lebroncafe.com,,
2026-04-13,RAISING CANE'S #1118,Chicken,Brooklyn,506,Utica Avenue,11203,9294583724,50179848,https://locations.raisingcanes.com/ny/brooklyn/506-utica-avenue,locations.raisingcanes.com,,
2026-04-13,GYOZA SHOP,Chinese,Brooklyn,208,Bedford Avenue,11249,7183888898,50181354,https://gyozashopbk.com/,gyozashopbk.com,,
2026-04-13,SEE SHARP CAFE,Coffee/Tea,Manhattan,408,Fort Washington Avenue,10033,3475773177,50176136,,,,
2026-04-13,THE BROOKLYN STRATEGIST,American,Brooklyn,148,Pierrepont Street,11201,7185763035,50179717,http://www.thebrooklynstrategist.com/,thebrooklynstrategist.com,,
2026-04-13,Red Poke,Other,Manhattan,598,9 Avenue,10036,9177473395,50179217,https://redpoke.com/,redpoke.com,,
2026-04-13,FIGO IL GELATO ITALIANO,Frozen Desserts,Manhattan,1188,1 Avenue,10065,6463867501,50168816,https://www.figoilgelato.com/,figoilgelato.com,,
2026-04-11,ADMIRE - GREENWOOD,Chinese,Brooklyn,5602,8Th Ave,11220,3473286788,50162183,,,,
2026-04-11,HOMETOWN FLAVORS,Chinese,Brooklyn,5017,8 Avenue,11220,7188533385,50180728,,,,
2026-04-11,BURRITO LOCO DELI & GROCERY,Mexican,Brooklyn,6,Sutter Avenue,11212,9174566302,50181899,https://elburritolocobrooklynny.com/,elburritolocobrooklynny.com,,
2026-04-10,MAMAN,Bakery Products/Desserts,Manhattan,71,Broadway,10006,6463295773,50179291,https://mamannyc.com/locations/fidi,mamannyc.com,,
2026-04-10,PLAYA BOWLS,"Juice, Smoothies, Fruit Salads",Manhattan,334,1 Avenue,10009,6463691444,50179762,https://playabowls.com/location/peter-cooper-village-nyc,playabowls.com,,
2026-04-10,NEUEHOUSE,American,Manhattan,110,East   25 Street,10010,3477911737,50179550,https://www.neuehouse.com/,neuehouse.com,,
2026-04-10,AURA D'Or,Coffee/Tea,Manhattan,42,West   35 Street,10001,7186463251,50180069,https://auradorny.com/,auradorny.com,,
2026-04-10,COFFEE + COCKTAILS,American,Manhattan,18,9 Avenue,10014,2122066700,50181561,https://www.gansevoorthotelgroup.com/gansevoort-meatpacking-nyc/eat-drink/coffee-cocktails,gansevoorthotelgroup.com,,
2026-04-09,LUCCIOLA,Italian,Manhattan,621,Amsterdam Avenue,10024,3475361335,50071274,http://www.lucciolanyc.com/?utm_campaign=gmb,lucciolanyc.com,,
2026-04-09,LOVED ONES COFFEE,Coffee/Tea,Brooklyn,253,Bergen Street,11217,2016325847,50173983,https://lovedonescoffee.com/,lovedonescoffee.com,,
2026-04-09,SEOUL SWEETS,Korean,Manhattan,308,5 Avenue,10001,6467070822,50163819,https://seoulsweetsnyc.com/,seoulsweetsnyc.com,,
2026-04-09,El Super Tipico Restaurant,Spanish,Brooklyn,2933,Fulton Street,11207,9293316969,50171429,,,,
2026-04-09,POKE BOWL,Hawaiian,Manhattan,333,7 Avenue,10001,7023269887,50180012,https://www.getsauce.com/order/poke-bowl-7th-ave/menu,getsauce.com,,
2026-04-09,Festac Grill & Lounge,African,Brooklyn,273,Hendrix Street,11207,3477505152,50176839,http://festacnycny.com/,festacnycny.com,,
2026-04-09,CURRY IN HANDI,Indian,Brooklyn,443,Bushwick Avenue,11206,7183811333,50177713,http://curryinhandi.fronteats.com/,curryinhandi.fronteats.com,,
2026-04-09,RICE & MISO,Japanese,Brooklyn,134,Nevins Street,11217,9292793488,50181198,https://www.riceandmiso.com/shop/,riceandmiso.com,,
2026-04-09,MADISON PIZZA NYC,Pizza,Manhattan,14,East   37 Street,10016,2019210270,50179516,http://madisonpizzaofnyc.com/,madisonpizzaofnyc.com,,
2026-04-08,ALOHA ALLEY,Hawaiian,Brooklyn,40,Main Street,11201,9179727796,50171026,https://www.alohaalleynyc.com/,alohaalleynyc.com,,
2026-04-08,SAN WEI (located in Dining Concourse),Chinese,Manhattan,89,East   42 Street,10017,9178594095,50173837,,,,
2026-04-08,CHINA KING,Chinese,Brooklyn,6805,New Utrecht Avenue,11219,7188393629,50182151,https://chinakingbn.com/,chinakingbn.com,,
2026-04-08,SKINNY LOUIE,Hamburgers,Manhattan,1145,Broadway,10001,7866821339,50172798,https://www.skinnylouie.com/new-york,skinnylouie.com,,
2026-04-08,LA BAGEL DELIGHT COURT,Other,Brooklyn,90,Court Street,11201,6466474405,50179817,https://bagelbrooklyn.com/,bagelbrooklyn.com,,
2026-04-08,BAYA BAR,"Juice, Smoothies, Fruit Salads",Manhattan,775,Columbus Avenue,10025,9172328239,50171081,https://bayabar.com/,bayabar.com,,
2026-04-08,TACOS 1986 / MIXTECA,Mexican,Manhattan,162,West    4 Street,10014,7062240299,50177357,https://cocteleriamixteca.com/,cocteleriamixteca.com,,
2026-04-08,7TH STREET BURGER,Hamburgers,Manhattan,11,West   42 Street,10036,8773321811,50168668,https://locations.7thstreetburger.com/locations/ny/manhattan/11-w-42nd-street,locations.7thstreetburger.com,,
2026-04-08,JOE & THE JUICE,"Juice, Smoothies, Fruit Salads",Manhattan,20,Hudson Yards,10001,5516978631,50168983,https://www.joejuice.com/,joejuice.com,,
2026-04-07,JOE & THE JUICE,"Juice, Smoothies, Fruit Salads",Manhattan,1185,6 Avenue,10036,9174840425,50171257,https://www.joejuice.com/,joejuice.com,,
2026-04-07,LAILAS,Middle Eastern,Brooklyn,8530,3 Avenue,11209,3476367262,50158650,https://www.lailarestaurant.com/,lailarestaurant.com,,
2026-04-07,HI SUNNY,Chinese,Manhattan,342,7 Avenue,10001,2126609666,50166258,https://www.hisunnyrestaurantny.com/,hisunnyrestaurantny.com,,
2026-04-07,CHOR BAZAAR,Indian,Manhattan,37,West   30 Street,10001,9178472666,50173608,http://www.chorbazaarnyc.com/,chorbazaarnyc.com,,
2026-04-07,GO BAGELS,Bagels/Pretzels,Manhattan,181,Grand Street,10013,2123350609,50174014,https://gobagels.com/gobagelsgrandst?utm_source=google,gobagels.com,,
2026-04-07,BOLO BOLO,Coffee/Tea,Brooklyn,196,Court Street,11201,6148040762,50176910,https://www.instagram.com/bolobolonyc/,instagram.com,,
2026-04-07,COTTI COFFEE / VIVI TEA / MD FRIED CHICKEN,Korean,Brooklyn,314,Bedford Avenue,11249,6466620009,50178017,,,,
2026-04-07,FELLINI COFFEE,Coffee/Tea,Manhattan,420,West   14 Street,10014,6463703370,50178725,,,,
2026-04-07,KING KONG NYM,Chinese,Manhattan,104,Mott Street,10013,9294808108,50179356,,,,
2026-04-07,PIZZA PERRON,Latin American,Brooklyn,3007,Fort Hamilton Parkway,11218,7188543462,50180094,http://pizzaperronterrace.com/,pizzaperronterrace.com,,
2026-04-07,LOONG RAMEN,Chinese,Manhattan,21,South End Avenue,10280,6469129999,50180639,http://loongramen.com/,loongramen.com,,
2026-04-07,FISH SAUCE,Thai,Brooklyn,247,Suydam Street,11237,6469641414,50182503,https://www.fishsaucenyc.com/,fishsaucenyc.com,,
2026-04-07,PARK AT KIMS,Coffee/Tea,Manhattan,119,Elizabeth Street,10013,9175800535,50175658,https://www.instagram.com/parkatkims/,instagram.com,,
2026-04-07,ANEW CAFE & GOODS,Coffee/Tea,Manhattan,526,Hudson Street,10014,9179575215,50176124,https://www.anew.world/,anew.world,,
2026-04-07,CHIM CHIM,Southeast Asian,Manhattan,352,East   20 Street,10003,9296189371,50179828,http://chimchimnyc.square.site/,chimchimnyc.square.site,,
2026-04-07,QUE RICO,Latin American,Manhattan,221,East   23 Street,10010,9294413250,50180712,,,,
2026-04-07,THE RIPPLE ROOM,American,Manhattan,183,Bowery,10002,9176588941,50170700,https://bit.ly/4iY3KPD,bit.ly,,
2026-04-06,SIMPL,Coffee/Tea,Manhattan,927,2 Avenue,10022,2135891269,50176565,https://simplcoffee.us/,simplcoffee.us,,
2026-04-06,CHAHALO,Coffee/Tea,Manhattan,79,Mott Street,10013,9296848575,50176929,https://pos.chowbus.com/online-ordering/store/ChaHalo-Chinatown/23487,pos.chowbus.com,,
2026-04-06,COOLEY LLP,American,Manhattan,55,Hudson Yards,10001,7043286780,50180648,http://www.cooley.com/,cooley.com,,
2026-04-06,ORA LA CASA DE LAS FLORES,Coffee/Tea,Manhattan,401,West   24 Street,10011,9178595086,50182240,https://www.orabytangni.com/,orabytangni.com,,
2026-04-06,A'MORE CAFFE,Coffee/Tea,Manhattan,126,West   25 Street,10001,6468013868,50172499,,,,
2026-04-06,GNOCCHI ON 9TH,Italian,Manhattan,836,7 Avenue,10019,6464550405,50176521,https://gnocchinyc.com/,gnocchinyc.com,,
2026-04-06,TIPSY SHANGHAI RESTAURANT,Chinese,Manhattan,594,3 Avenue,10016,2124666488,50181132,https://www.tipsy-shanghai.com/,tipsy-shanghai.com,,
2026-04-06,JESSI'S COFFEE SHOP,Coffee/Tea,Brooklyn,223,Bushwick Avenue,11206,7183863931,50182304,https://www.jessiscoffeeshop.com/_files/ugd/34564d_890b7c8606474f128abafdb985024962.pdf,jessiscoffeeshop.com,,
2026-04-06,EATALY CAFFE,Italian,Manhattan,20,Hudson Yards,10001,6464353450,50170550,https://www.eataly.com/us_en/stores/caffe-hudson-yards,eataly.com,,
2026-04-06,DERBY CUP COFFEE,Coffee/Tea,Manhattan,37,Elizabeth Street,10013,3478615169,50171410,http://www.derbycupcoffee.com/,derbycupcoffee.com,,
2026-04-06,RESTAURANT ASSOCIATES(1285 MARKETS),American,Manhattan,1285,Avenue Of The Americas,10019,6462869733,50181073,https://www.restaurantassociates.com/,restaurantassociates.com,,
2026-04-06,BKK NEW YORK,Thai,Manhattan,238,West   56 Street,10019,9144914289,50165918,https://www.bkknewyork.com/,bkknewyork.com,,
2026-04-06,EATALY CAFFE,Italian,Manhattan,1230,Avenue Of The Americas,10020,2125390833,50169445,https://www.eataly.com/us_en/stores/caffe-rockefeller-center,eataly.com,,
2026-04-06,SHAH'S HALAL FOOD,Middle Eastern,Manhattan,179,Madison Avenue,10016,6463441949,50177409,https://www.shahshalalfood.com/madison-ave/,shahshalalfood.com,,
2026-04-06,IHOP,American,Manhattan,4168,Broadway,10033,2129273377,50180359,https://restaurants.ihop.com/en-us/ny/manhattan/breakfast-4168-broadway-3553?utm_source=google&utm_medium=organic&utm_campaign=google_my_business&utm_term=3553&utm_content=website,restaurants.ihop.com,,
2026-04-03,COFFEE WITH MILK,Other,Brooklyn,504,Nostrand Avenue,11216,3475133296,50175221,https://www.instagram.com/coffeewithmilkbk/,instagram.com,,
2026-04-03,TAQUERIA AL PASTOR,Other,Manhattan,424,5 Avenue,10018,3477911216,50182622,https://taqueriaalpastor.com/,taqueriaalpastor.com,,
2026-04-03,VARIETY COFFEE ROASTERS,Coffee/Tea,Manhattan,455,Amsterdam Avenue,10024,7184182326,50175559,https://varietycoffeeroasters.com/,varietycoffeeroasters.com,,
2026-04-03,CAFE HERE,Coffee/Tea,Brooklyn,499,Van Brunt Street,11231,6318716795,50172498,http://cafehereforyou.com/,cafehereforyou.com,,
2026-04-02,THE GEORGIAN SUITE KITCHEN,Continental,Manhattan,1A,East   77 Street,10075,2127341468,40364691,,,,
2026-04-02,DELI AVE M,Mexican,Brooklyn,1710,Avenue M,11230,5169607017,50174559,https://www.order.store/store/m-deli-grill/AlskufsGX5Chmq0uZHIEDQ,order.store,,
2026-04-02,MEET & MEAT,Mediterranean,Brooklyn,361,Graham Avenue,11211,6469227528,50175835,http://meetandmeatbk.com/,meetandmeatbk.com,,
2026-04-02,LE B NYC,French,Manhattan,283,West   12 Street,10014,2126752808,50110272,https://lebnyc.com/,lebnyc.com,,
2026-04-02,SEMICOLON CAFE,Coffee/Tea,Manhattan,516A,3 Avenue,10016,2019379123,50171765,http://semicoloncafe.com/,semicoloncafe.com,,
2026-04-02,URGUT CITY,Eastern European,Brooklyn,1904,Coney Island Avenue,11230,3477794444,50174956,,,,
2026-04-02,WEST10WEST,New American,Manhattan,242,West   10 Street,10014,9162302248,50133507,https://west10west.com/,west10west.com,,
2026-04-02,NINO'S RISTORANTE,Italian,Manhattan,405,East   52 Street,10022,2129880002,50171954,http://ninosnyc.com/,ninosnyc.com,,
2026-04-02,CARNE,American,Brooklyn,140,Schermerhorn Street,11201,9293371280,50171043,https://www.alloraristorantenyc.com/carne-by-allora,alloraristorantenyc.com,,
2026-04-02,ATOMIC WINGS,Chicken,Brooklyn,66,Willoughby Street,11201,3476397822,50180495,https://www.atomicwings.com/,atomicwings.com,,
2026-04-01,FOUNTAIN HOUSE AND BODY,Coffee/Tea,Manhattan,698,10 Avenue,10019,6467915555,50162594,https://www.fountain.nyc/,fountain.nyc,,
2026-04-01,THE CORNER,Coffee/Tea,Manhattan,270,Park Avenue,10017,7043286780,50171994,,,,
2026-04-01,BROAD STREET DELI,Sandwiches,Manhattan,270,Park Avenue,10017,9175312269,50172040,http://www.champsdelinyc.com/,champsdelinyc.com,,
2026-04-01,PALACE FRIED CHICKEN & PIZZA,American,Brooklyn,523,Brighton Beach Avenue,11235,7187436836,50181009,,,,
2026-04-01,DENKI SUSHI,Asian/Asian Fusion,Manhattan,270,Park Avenue,10017,7043286780,50171981,,,,
2026-04-01,COFFEE BAR,Coffee/Tea,Manhattan,270,Park Avenue,10017,7043286780,50172003,https://jpmc270park.getbento.com/morgans/,jpmc270park.getbento.com,,
2026-04-01,TAPAS ON LEX,Latin American,Manhattan,1643,Lexington Avenue,10029,9144332205,50182863,,,,
2026-04-01,ARIA,Italian,Manhattan,365,West   51 Street,10019,2125419241,50005405,https://ariawinebar.com/,ariawinebar.com,,
2026-04-01,MADISON KITCHEN (HEARTH/MEZZE/SIZZLE),American,Manhattan,270,Park Avenue,10017,7043286780,50172033,https://www.jpmorganchase.com/,jpmorganchase.com,,
2026-04-01,LITTLE DIRT CANDY,Vegan,Manhattan,270,Park Avenue,10017,7043286780,50172035,http://www.dirtcandynyc.com/,dirtcandynyc.com,,
2026-04-01,UMAMI ASIAN WOK AND NOODLE,Asian/Asian Fusion,Manhattan,270,Park Avenue,10017,9175312269,50172037,https://umamiexpress.co/,umamiexpress.co,,
2026-04-01,JUST SALAD,Salads,Manhattan,485,Lexington Avenue,10017,3473788122,50176961,https://www.justsalad.com/,justsalad.com,,
2026-04-01,DAILY PROVISIONS,American,Manhattan,270,Park Avenue,10017,7043286780,50171988,https://dailyprovisions.co/,dailyprovisions.co,,
2026-04-01,MORGAN'S,American,Manhattan,270,Park Avenue,10017,9175312269,50171998,https://jpmc270park.getbento.com/morgans/,jpmc270park.getbento.com,,
2026-04-01,SWEETGREEN,American,Manhattan,270,Park Avenue,10017,7043286780,50172006,https://www.sweetgreen.com/locations/grand-central,sweetgreen.com,,
2026-04-01,STARBUCKS,Coffee/Tea,Manhattan,270,Park Avenue,10017,7043286780,50172011,https://www.starbucks.com/store-locator/store/13539/,starbucks.com,,
2026-04-01,PIZZA/RIO BRONCO/AIR STREEMS/SOUP,American,Manhattan,270,Park Avenue,10017,7043286780,50172016,https://www.jpmorganchase.com/,jpmorganchase.com,,
2026-04-01,COOKIES BY JACKIE,Bakery Products/Desserts,Manhattan,1000,South 8Th Avenue,10019,2017136434,50172446,https://cookiesbyjackie.com/,cookiesbyjackie.com,,
2026-04-01,"Fuel Bar, Kiosks Pop Up Bars and Market Bar",Other,Manhattan,270,Park Avenue,10017,9175312269,50172018,,,,
2026-03-31,FATTOUSH,Mediterranean,Manhattan,221,1 Avenue,10003,9172614900,50153328,https://www.fattousheastvillage.com/,fattousheastvillage.com,,
2026-03-31,SERAFINA TIMES SQUARE,Italian,Manhattan,224,West   49 Street,10019,2122471000,50170404,https://www.serafinarestaurant.com/times-square-nyc,serafinarestaurant.com,,
2026-03-31,LAGRANGE,French,Manhattan,428,Lafayette Street,10003,2676253568,50182671,,,,
2026-03-31,MOONBURGER,Hamburgers,Manhattan,72,Kenmare Street,10012,2125006099,50176478,https://www.moonburger.com/,moonburger.com,,
2026-03-31,TEAPULSE,Coffee/Tea,Manhattan,18,Doyers Street,10013,6462216081,50173177,https://www.teapulseusa.com/,teapulseusa.com,,
2026-03-31,DRAVIDA,Indian,Manhattan,211,1 Avenue,10003,4016995421,50181761,https://dravidanyc.com/,dravidanyc.com,,
2026-03-31,SANKU MAOTS'AI,Chinese,Manhattan,167,1 Avenue,10003,9178229122,50172713,https://www.sankuusa.com/,sankuusa.com,,
2026-03-31,COCONUT THYME CUISINE,Caribbean,Brooklyn,531,Utica Avenue,11203,7192097043,50183124,,,,
2026-03-30,CAFFE PARADISO,Coffee/Tea,Manhattan,202,Elizabeth Street,10012,3477075656,50169169,,,,
2026-03-30,EMEK CHEESEPASTA LLC,Italian,Manhattan,695,9 Avenue,10036,9176085359,50161469,https://yummycheesepastanyc.com/?utm_source=google,yummycheesepastanyc.com,,
2026-03-30,JOOY TEA SHOPPE,Other,Manhattan,208,Grand St,10013,6469440092,50166723,http://jooyteashoppe.com/,jooyteashoppe.com,,
2026-03-30,DRAGON KING,Chinese,Brooklyn,1126,Broadway,11221,9295843333,50181755,https://www.eatdragonking.com/broadway,eatdragonking.com,,
2026-03-30,NEOVISTA FRESH MARKET,American,Brooklyn,836,Broadway,11206,6469960720,50182590,http://neovistafreshmarket.com/,neovistafreshmarket.com,,
2026-03-30,TERRIFIC WINGS TACOS 'N' THINGS,American,Manhattan,2131,3 Avenue,10035,9174216404,50107638,http://www.terrificwings.com/,terrificwings.com,,
2026-03-30,THE MERMAID INN,Seafood,Manhattan,335,Columbus Avenue,10023,9176403667,50156295,https://www.themermaidnyc.com/,themermaidnyc.com,,
2026-03-30,NY SOHO COFFEE,Other,Manhattan,447,Broadway,10013,6467763988,50167048,http://nysohocoffee.fronteats.com/,nysohocoffee.fronteats.com,,
2026-03-30,GOOD TASTE,Chinese,Brooklyn,235,Kingston Avenue,11213,7182211112,50173448,,,,
2026-03-30,LA FOURNAISE,Coffee/Tea,Brooklyn,985,Flushing Avenue,11206,6469530700,50175131,,,,
2026-03-30,KINSHIP COFFEE ROASTERS,Coffee/Tea,Manhattan,106,South Street,10038,6464687149,50175148,,,,
2026-03-30,583 PARK AVENUE,American,Manhattan,583,Park Avenue,10065,2125837200,50182874,https://583parkave.com/,583parkave.com,,
2026-03-30,EMMA JUICE BAR LLC,"Juice, Smoothies, Fruit Salads",Brooklyn,1458,Saint Johns Place,11213,6467501419,50180967,https://m.facebook.com/Ahmanis-Jus-Juice-and-Health-Kitchen-240698449396787/,m.facebook.com,,
2026-03-28,TOTONNO'S PIZZERIA,Pizza,Brooklyn,1524,Neptune Avenue,11224,7183728606,40561290,http://www.totonnosconeyisland.com/,totonnosconeyisland.com,,
2026-03-28,TIPSY BEAN,Coffee/Tea,Brooklyn,124,Irving Avenue,11237,3322363614,50172290,,,,
2026-03-27,BIXI,American,Manhattan,2164,Frederick Douglass Boulevard,,6464908575,50105272,http://bixiharlem.com/,bixiharlem.com,,
2026-03-27,AUNTIE ANNE'S/CINNABON,Donuts,Brooklyn,1570,Flatbush Avenue,11210,3479860213,50182001,https://locations.auntieannes.com/ny/brooklyn/1570-flatbush-ave?utm_source=google&utm_medium=organic&utm_campaign=locations_partner,locations.auntieannes.com,,
2026-03-27,NEWLAB,American,Brooklyn,19,Morris Avenue,11205,8083992969,50168250,https://www.newlab.com//?utm_source=localprofiles&utm_medium=organic&utm_content=brooklyn&utm_campaign=fm,newlab.com,,
2026-03-26,METRO PRIVATE CINEMA,American,Manhattan,131,8 Avenue,10011,5125073361,50172101,https://metrocinema.com/,metrocinema.com,,
2026-03-26,FOODIE BBQ & BAR,Chinese,Manhattan,300,Grand Street,10002,3476360365,50179203,https://order.mealkeyway.com/customer/release/index?mid=45444f484d5a4c336d4572726b596f465545386b2f673d3d#/main,order.mealkeyway.com,,
2026-03-26,FAENA NEW YORK,American,Manhattan,500,West   18 Street,10011,9296675875,50175702,https://www.faena.com/new-york,faena.com,,
2026-03-25,J & E PARTY,Chinese,Brooklyn,7819,17 Avenue,11214,7186219388,50165049,,,,
2026-03-25,AYAT,Middle Eastern,Brooklyn,274,36 Street,11232,7188312585,50165784,https://www.ayatnyc.com/location/industry-city/?utm_source=google&utm_medium=organic&utm_campaign=gbp-profile%20&utm_content=inc,ayatnyc.com,,
2026-03-25,CAFE RIAZOR,Spanish,Manhattan,245,West   16 Street,10011,2127272132,50172381,http://www.caferiazor.com/,caferiazor.com,,
2026-03-25,EMPEROR DUMPLING,Chinese,Manhattan,688,8 Avenue,10036,6468385599,50170659,https://nydumpling.com/,nydumpling.com,,
2026-03-25,REMI FLOWER & COFFEE,Bakery Products/Desserts,Manhattan,425,Park Avenue South,10016,6468251177,50181544,http://www.reminyc.com/,reminyc.com,,
2026-03-25,LOAFERS COCKTAIL BAR,American,Brooklyn,517,Court Street,11231,5165074316,50160909,https://loafersbar.com/,loafersbar.com,,
2026-03-25,THE GYRO PROJECT,Greek,Manhattan,593,1 Avenue,10016,2129837474,50182072,https://thegyroproject.com/,thegyroproject.com,,
2026-03-25,GOOP KITCHEN,American,Manhattan,750,8 Avenue,10036,6613105685,50182336,,,,
2026-03-24,FIFTYLAN,Coffee/Tea,Manhattan,248,Mott Street,10012,6463988288,50172203,https://fiftylan.co/,fiftylan.co,,
2026-03-24,JOLLIBEE,Filipino,Manhattan,14,East   42 Street,10017,3475101012,50175050,https://locations.jollibeefoods.com/usa/ny/new-york/14-east-42nd-street?utm_medium=organic&utm_source=local&utm_campaign=yextpowerlistings&utm_content=website&utm_term=3081,locations.jollibeefoods.com,,
2026-03-24,RIVARENO GELATO,Frozen Desserts,Manhattan,195,Spring St,10012,9143550622,50164953,https://www.rivareno.com/us/,rivareno.com,,
2026-03-24,BATHHOUSE,American,Brooklyn,103,North   10 Street,11249,9294892284,50166006,https://www.abathhouse.com/williamsburg?utm_source=google&utm_medium=organic&utm_campaign=gbp-website-williamsburg,abathhouse.com,,
2026-03-24,GOOP KITCHEN,American,Brooklyn,356,Devoe Street,11211,6613105685,50182341,https://cloudkitchens.com/locations/nyc/williamsburg,cloudkitchens.com,,
2026-03-23,MCKENZIE'S KITCHEN,Caribbean,Brooklyn,1553,Ralph Avenue,11236,9173374506,50182558,,,,
2026-03-23,PITA YEERO,Greek,Manhattan,100,Pearl Street,10004,9176362980,50161870,https://pitayeero.com/pitayeeropearlst?utm_source=google,pitayeero.com,,
2026-03-23,AMITUOFO,Vegan,Brooklyn,19,Bogart Street,11206,7183662288,50172131,https://www.amituofovegan.com/?fbclid=PAAaY6DCQLuuecYbvu9i0yHaGFHogvwySNwUViJsIAdyN6B82NHnYkU-OOl34,amituofovegan.com,,
2026-03-23,EL REY TACOS,Mexican,Manhattan,1450,Broadway,10018,3472248331,50172144,https://www.tacoelrey.com/,tacoelrey.com,,
2026-03-23,KEISER BREAKFAST,American,Brooklyn,110,Moore Street,11206,9176354104,50176027,http://www.nycedc.com/project/moore-street-market,nycedc.com,,
2026-03-23,NAI BROTHER SAUERKRAUT FISH,Chinese,Manhattan,2817,Broadway,10025,6468951015,50166461,https://www.naibrothersauerkrautfishtogo.com/,naibrothersauerkrautfishtogo.com,,
2026-03-21,KEVIN'S,Seafood,Brooklyn,277,Van Brunt Avenue,,7185968335,41304673,,,,
2026-03-21,WIDDI HALL,Middle Eastern,Brooklyn,5602,6 Avenue,11220,3473305970,50039667,,,,
2026-03-20,WONDER,Other,Manhattan,3780,Broadway,10032,9088086982,50171571,https://www.wonder.com/order/washington-heights/coming-soon,wonder.com,,
2026-03-20,FELIX EMPANADAS,Spanish,Manhattan,192,Orchard Street,10002,3058782371,50176129,http://www.felixempanadas.com/,felixempanadas.com,,
2026-03-20,DEGIRMEN,Turkish,Brooklyn,224,Brighton Beach Avenue,11235,6468813322,50169151,http://www.degirmenusa.com/,degirmenusa.com,,
2026-03-20,GONG CHA,Coffee/Tea,Manhattan,625,8 Avenue,10018,8609422931,50150488,https://gongchausa.com/,gongchausa.com,,
2026-03-19,JEJU NOODLE BAR,Korean,Manhattan,679,Greenwich Street,10014,6466660947,50067953,http://jejunoodlebar.com/,jejunoodlebar.com,,
2026-03-19,CHEZ MARGAUX,American,Manhattan,403,West   13 Street,10014,2127260703,50161952,https://www.chez-margaux.com/,chez-margaux.com,,
2026-03-19,BESSIE'S PLACE CLUBHOUSE CAFE BAR,American,Manhattan,458,West  145 Street,10031,3473419528,50132655,,,,
2026-03-19,MENKOI SAO,Japanese,Manhattan,7,Cornelia Street,10014,9176532714,50181105,https://www.musthavemenus.com/oo/places/menkoisato-newyork-ny,musthavemenus.com,,
2026-03-19,MILKY ICE,Frozen Desserts,Manhattan,130,East   57 Street,10022,3472724332,50182268,,,,
2026-03-19,ZINC,American,Manhattan,82,West    3 Street,10012,2124779462,41372877,https://www.zincbar.com/,zincbar.com,,
2026-03-19,ORAI RECORD BAR,Japanese,Manhattan,212,East   52 Street,10022,9172614726,50119094,http://instagram.com/bar.orai,instagram.com,,
2026-03-19,MADE IN NEW YORK PIZZA,Pizza,Manhattan,2563,Broadway,10025,9175447268,50166985,https://madeinnewyorkpizza.com/,madeinnewyorkpizza.com,,
2026-03-19,JERUSALEM STEAKHOUSE,Jewish/Kosher,Brooklyn,1319,Avenue J,11230,7182588899,50181541,https://jerusalemsteakhouse.com/?utm_source=google,jerusalemsteakhouse.com,,
2026-03-19,CANTEEN @ CHELSEA PIERS FIELD HOUSE,American,Brooklyn,601,Dean Street,11238,6313880993,50140563,https://www.chelseapiers.com/fieldhouse-prospectheights/?utm_source=google&utm_medium=listing&utm_campaign=bkfieldhouse,chelseapiers.com,,
2026-03-18,MAPO ASIAN RESTAURANT & BAR,Chinese,Manhattan,728,8 Avenue,10036,6464550233,50168307,https://www.mapoasianbartimesquare.com/,mapoasianbartimesquare.com,,
2026-03-18,SHELLY'S,Coffee/Tea,Manhattan,99,Allen Street,10002,9298665045,50171553,,,,
2026-03-18,LAO JIE HOTPOT,Asian/Asian Fusion,Brooklyn,2314,86 Street,11214,7188879887,50181443,https://www.laojiehotpot.com/,laojiehotpot.com,,
2026-03-18,CHEZ NICK,American,Manhattan,1737,York Avenue,10128,6464293310,50099941,http://www.cheznicknyc.com/,cheznicknyc.com,,
2026-03-18,CITY SUBS,Other,Brooklyn,9,Marcus Garvey Boulevard,11206,3476914427,50182296,https://www.citysubs.getsauce.com/,citysubs.getsauce.com,,
2026-03-18,FAT BOYS BURGERS,Hamburgers,Manhattan,231,1 Avenue,10003,5595428255,50168936,https://www.fatboysburger.com/,fatboysburger.com,,
2026-03-17,LUCKY TIGER NYC,Asian/Asian Fusion,Manhattan,66,Pearl Street,10004,3327334985,50145771,http://www.luckytigernyc.com/,luckytigernyc.com,,
2026-03-17,THE FITCH COFFEE BAR,Coffee/Tea,Manhattan,33,Whitehall Street,10004,7043286780,50170257,http://www.suitednyc.com/,suitednyc.com,,
2026-03-17,UN MUNDO SALUDABLE (HERBALIFE),"Juice, Smoothies, Fruit Salads",Brooklyn,4417,18 Avenue,11204,7187914462,50075017,https://www.facebook.com/UnMundo/,facebook.com,,
2026-03-16,CHOP'T,Salads,Manhattan,370,Greenwich Street,10013,3322690260,50175872,https://www.choptsalad.com/,choptsalad.com,,
2026-03-16,MIKE'S PIZZA & RESTAURANT,Pizza,Brooklyn,5,Martense Street,11226,9296783214,50182625,http://mikespizzaandrestaurant.com/,mikespizzaandrestaurant.com,,
2026-03-13,PERLE,Seafood,Manhattan,22,Greenwich Avenue,10011,6463703371,50165217,https://www.perlenyc.com/,perlenyc.com,,
2026-03-13,DANNY'S,American,Manhattan,46,West   22 Street,10010,6465907330,50180151,https://www.dannysnyc.com/,dannysnyc.com,,
2026-03-13,ARVINE,New American,Manhattan,19,Greenwich Avenue,10014,2129015700,50170393,https://www.arvine.com/,arvine.com,,
2026-03-12,LANZHOU HAND PULLED NOODLES & DUMPLINGS,Chinese,Manhattan,76,Mott Street,10013,6465773822,50165044,https://www.1915lanzhounoodles.com/,1915lanzhounoodles.com,,
2026-03-12,LLOYD'S CARROT CAKE,Coffee/Tea,Manhattan,1565,Lexington Avenue,10029,2128319156,50173143,http://www.lloydscarrotcake.com/,lloydscarrotcake.com,,
2026-03-12,SEOR PIZZA,Other,Brooklyn,3005,Avenue K,11210,9176354062,50179673,https://seorpizza.com/,seorpizza.com,,
2026-03-12,PITA YEERO,Other,Manhattan,230,Park Avenue,10169,9176362980,50165133,https://pitayeero.com/pitayeeroparkave?utm_source=google,pitayeero.com,,
2026-03-12,CEDAR STAR CATERING,Middle Eastern,Brooklyn,1326,Newkirk Avenue,11230,9176273638,50111988,https://www.cedarstarcatering.com/?utm_source=google&utm_medium=wix_google_business_profile&utm_campaign=2619718077142644114,cedarstarcatering.com,,
2026-03-12,LOU YAU KEE HAINAN  CHICKEN RICE II,Chinese,Manhattan,230,Park Avenue,10169,9295716173,50166885,,,,
2026-03-12,KENNEDY CHICKEN & BURGER,Chicken,Manhattan,1502,Amsterdam Avenue,10031,9173015693,50177279,,,,
2026-03-12,WENDY'S,American,Brooklyn,3,Debevoise Street,11206,3473950502,50180834,https://locations.wendys.com/united-states/ny/brooklyn/3-debevoise-st?utm_source=Yext&utm_medium=Google_My_Business&utm_campaign=Local_Search&utm_content=EN_US,locations.wendys.com,,
2026-03-12,WETZEL'S PRETZELS,Hotdogs/Pretzels,Manhattan,1000,S 8Th Ave,10019,3327997385,50182404,https://www.wetzels.com/,wetzels.com,,
2026-03-12,LA MERCERIE,French,Manhattan,53,Howard Street,10013,2128529097,50177568,https://www.lamercerieny.com/?utm_source=GoogleBusinessProfile&utm_medium=Website&utm_campaign=MapLabs,lamercerieny.com,,
2026-03-11,MARLOW EAST,American,Manhattan,1022,Lexington Avenue,10021,6467670123,50164674,https://www.marloweast.com/,marloweast.com,,
2026-03-11,COCO BUBBLE TEA / CRAB HOUSE TIME SQUARE / PRONTO PASTA,Other,Manhattan,218,West   40 Street,10018,6463383314,50168755,http://www.cocobubbletea.com/,cocobubbletea.com,,
2026-03-11,JOHN JAY CAMPUS EATS,American,Manhattan,524,West   59 Street,10019,7186640720,50181935,https://www.jjay.cuny.edu/,jjay.cuny.edu,,
2026-03-11,COZY ON THE SLOPE,American,Brooklyn,236,6 Street,11215,9178324922,50155643,https://cozyontheslope.com/,cozyontheslope.com,,
2026-03-11,ALVO PIZZA,Pizza,Brooklyn,150,Smith Street,11201,3153731769,50168462,https://www.alvopizza.com/,alvopizza.com,,
2026-03-11,HAWA,"Juice, Smoothies, Fruit Salads",Brooklyn,44,Willoughby Street,11201,7187096158,50181356,http://www.hawajuice.com/,hawajuice.com,,
2026-03-11,ROTHSCHILD TLV,Jewish/Kosher,Manhattan,1129,Lexington Avenue,10075,9172020750,50118554,http://rtrestaurant.com/,rtrestaurant.com,,
2026-03-11,NOONA NOODLES,Chinese,Manhattan,46,West   36 Street,10018,9176757234,50167279,http://noonanoodles.com/,noonanoodles.com,,
2026-03-11,T&Y KITCHEN,Chinese,Brooklyn,194,State Street,11201,9179304561,50170440,http://www.tykitchens.com/,tykitchens.com,,
2026-03-09,GALLEGO SEAFOOD,Latin American,Manhattan,1270,Saint Nicholas Avenue,10033,9176792875,50171794,,,,
2026-03-09,EMERALD BAKERY AND CAFE,Coffee/Tea,Brooklyn,1224,Myrtle Avenue,11221,5127979660,50180351,https://www.theemeraldcafe.com/,theemeraldcafe.com,,
2026-03-09,THE BAY CAFE,Jewish/Kosher,Brooklyn,2,Neptune Avenue,11235,3475548811,50179318,https://baycafebk.com/?utm_source=google,baycafebk.com,,
2026-03-06,PAOLA'S,Italian,Manhattan,1302,Madison Avenue,10128,2127941890,50179864,https://www.paolasrestaurant.com/,paolasrestaurant.com,,
2026-03-06,OSLO COFFEE ROASTERS,Coffee/Tea,Brooklyn,328,Bedford Avenue,11249,7187820332,50178283,https://oslocoffee.com/,oslocoffee.com,,
2026-03-06,SERPENTINE,New American,Manhattan,64,Greenwich Avenue,10011,9179167879,50155901,https://www.serpentinenyc.com/,serpentinenyc.com,,
2026-03-05,DONGBEI,Chinese,Manhattan,953,Columbus Avenue,10025,2014235900,50162524,http://www.dongbei.us/,dongbei.us,,
2026-03-05,BIARRITZ KOSHER PIZZA & WINE,Pizza,Brooklyn,268,Kingston Avenue,11213,3474473360,50182204,http://biarritzny.com/,biarritzny.com,,
2026-03-05,EL MEXICANO RESTAURANT,Mexican,Brooklyn,2102,East   15 Street,11229,7183132271,50161098,http://orderelmexicanorestaurant.com/,orderelmexicanorestaurant.com,,
2026-03-05,WETZELS PRETZELS,Hotdogs/Pretzels,Brooklyn,5100,Kings Plaza,11234,5167542004,50177506,https://www.kingsplazaonline.com/?utm_source=google&utm_medium=onlinesearch&utm_content=gmp_website_button&utm_campaign=yext,kingsplazaonline.com,,
2026-03-05,HIRONI,Asian/Asian Fusion,Manhattan,828,Madison Avenue,10021,6468861246,50163215,,,,
2026-03-05,TAQUERIA CONDESA,Mexican,Manhattan,824,9 Avenue,10019,3472676360,50168216,https://www.taqueriacondesa.com/,taqueriacondesa.com,,
2026-03-05,HORI,Japanese,Manhattan,231,East   50 Street,10022,7073267910,50170028,https://www.horinyc.com/,horinyc.com,,
2026-03-05,WALTER'S GOOD EATS,Soul Food,Manhattan,2839,Frederick Douglass Boulevard,,9179811140,50174362,,,,
2026-03-05,BERIKONI / GEORGIAN HOUSE,Eastern European,Brooklyn,125,Brighton Beach Avenue,11235,7187085040,50179178,,,,
2026-03-04,CHILL CAFE,Coffee/Tea,Manhattan,75,Varick Street,10013,3475375742,50154581,https://chillhousesoho.com/,chillhousesoho.com,,
2026-03-04,PHO BANG,Asian/Asian Fusion,Manhattan,157,Mott Street,10013,9082795489,50179555,,,,
2026-03-04,YOKO-CHO,Japanese,Manhattan,137,East   13 Street,10003,6465245451,50167369,https://www.yokochony.com/,yokochony.com,,
2026-03-04,EATS,American,Manhattan,227,West   27 Street,10001,6465492200,50176567,https://www.fitnyc.edu/life-at-fit/campus/dining-services.php,fitnyc.edu,,
2026-03-04,CHAHALO,Coffee/Tea,Manhattan,23,Saint Marks Place,10003,6462701552,50178155,https://pos.chowbus.com/online-ordering/store/ChaHalo-East-Village/23532,pos.chowbus.com,,
2026-03-04,MADMAN ESPRESSO,American,Manhattan,311,11 Avenue,10001,3477811121,50178974,http://madmanespresso.com/,madmanespresso.com,,
2026-03-04,"SHRINE, YATENGA",African,Manhattan,2269,7 Avenue,10030,2126907807,41545370,http://www.shrinenyc.com/,shrinenyc.com,,
2026-03-03,CATALYST MARKET BAR,American,Manhattan,88,Essex Street,10002,6466184477,50177468,,,,
2026-03-03,PHILADELPHIA GRILLE,Pizza,Brooklyn,10004,4 Avenue,11209,7184196836,50165053,https://www.philadelphiagrille.com/,philadelphiagrille.com,,
2026-03-03,GEORGIE'S CAFE,Chinese,Manhattan,182,Broome Street,10002,3477058247,50179204,https://georgies.cafe/,georgies.cafe,,
2026-03-03,WENDY'S,American,Manhattan,2565,Broadway,10025,6318961061,50181557,https://locations.wendys.com/united-states/ny/new-york/2565-broadway?utm_source=Yext&utm_medium=Google_My_Business&utm_campaign=Local_Search&utm_content=EN_US,locations.wendys.com,,
2026-03-03,PIZZA CREW,Pizza,Brooklyn,234,Malcolm X Boulevard,11221,9177573532,50171784,https://www.pizzacrew.com/,pizzacrew.com,,
2026-03-03,TERA NYC,Korean,Manhattan,41,Essex Street,10002,6466631334,50178384,http://www.tera.nyc/,tera.nyc,,
2026-03-02,CHINA CITY,Chinese,Brooklyn,1732,86 Street,11214,7182342885,50180223,,,,
2026-03-02,FIFTHSIP,Coffee/Tea,Manhattan,229,Mott Street,10012,4258290415,50168344,,,,
2026-03-02,JAMBA JUICE/ AUNTIE ANNE'S PRETZELS,"Juice, Smoothies, Fruit Salads",Manhattan,185,Greenwich Street,10007,5164501662,50182148,https://locations.jamba.com/ny/new-york/185-greenwich-st-wtc-oculus-l1?utm_source=google&utm_medium=organic&utm_campaign=locations_partner,locations.jamba.com,,
2026-03-02,GLACE BY NOGLU,Frozen Desserts,Manhattan,30,Rockefeller Plaza,10112,2127722011,50182313,https://www.rockefellercenter.com/dine/glace-truck/,rockefellercenter.com,,
2026-03-02,PURI BAKERY,Eastern European,Brooklyn,462,Avenue P,11223,7187640092,50173583,,,,
2026-03-02,TEAPULSE,Coffee/Tea,Manhattan,167,Canal Street,10013,9163883038,50180277,https://www.teapulseusa.com/,teapulseusa.com,,
2026-03-02,SHIN TAKUMI,Japanese,Manhattan,44,Greenwich Avenue,10011,6468860206,50181918,https://www.shintakuminyc.com/,shintakuminyc.com,,
2026-03-02,NOVA PIZZA & GRILL,Pizza,Manhattan,1739,2 Avenue,10128,2124573087,50182136,http://novapizzagrill.com/,novapizzagrill.com,,
2026-02-28,EARTHBAR,"Juice, Smoothies, Fruit Salads",Brooklyn,24,River Street,11249,7144251559,50173371,https://earthbar.com/?olonwp=JjBtp_vMLk25gkYh_bnoiQ,earthbar.com,,
2026-02-28,MADE IN MEXICO,Mexican,Manhattan,3950,10 Avenue,10034,6467264849,50000976,https://madeinmexico.nyc/,madeinmexico.nyc,,
2026-02-27,FIVE IRON GOLF,American,Manhattan,1290,Ave Americas,,6094392777,50170531,https://fiveirongolf.com/en-us/locations/nyc-rockefeller-center,fiveirongolf.com,,
2026-02-27,COMFORT INN - PROSPECT PARK,American,Brooklyn,150,20 Street,11232,7185719800,50177717,https://www.choicehotels.com/new-york/brooklyn/comfort-inn-hotels/ny700?mc=llgoxxpx,choicehotels.com,,
2026-02-27,UPTACO,Mexican,Manhattan,300,West  135 Street,10030,9143939822,50178944,http://www.uptaco.nyc/,uptaco.nyc,,
2026-02-27,AUNTIE ANNE'S,Bagels/Pretzels,Manhattan,185,Greenwich Street,10007,5164501662,50182182,https://locations.auntieannes.com/ny/new-york/44-church-st?utm_source=google&utm_medium=organic&utm_campaign=locations_partner,locations.auntieannes.com,,
2026-02-26,CHUNG DDUK,Korean,Manhattan,11,West   32 Street,10001,6465771074,50168175,https://lukasjoy.com/,lukasjoy.com,,
2026-02-26,PEARL STREET RESTAURANT,American,Brooklyn,147,Front Street,11201,4074495307,50172379,http://www.pearlstrestaurant.com/,pearlstrestaurant.com,,
2026-02-26,DEII CIBAO COFFEE SHOP,Coffee/Tea,Manhattan,313,Audubon Avenue,10033,9292883816,50170999,,,,
2026-02-26,DOOKKI,Korean,Manhattan,11,West   32 Street,10001,6465771074,50168179,https://www.dookkiny.com/,dookkiny.com,,
2026-02-26,GO GO CURRY USA INC,Japanese,Manhattan,273,West   38 Street,10018,6464763755,50172783,http://gogocurry-usa.com/,gogocurry-usa.com,,
2026-02-26,MALTA COFFEE,Coffee/Tea,Manhattan,1045,Lexington Avenue,10021,9294089562,50162486,,,,
2026-02-26,SU & GAO,Chinese,Brooklyn,4824,8 Avenue,11220,7182495832,50168390,,,,
2026-02-26,TEPPAN TERRITORY,Japanese,Brooklyn,445,Albee Square,11201,9293598050,50173821,https://teppanterritory.com/,teppanterritory.com,,
2026-02-26,EAST JAPANESE RESTAURANT,Japanese,Manhattan,314,West   53 Street,10019,6463031046,50178509,https://www.eastjprestaurant.com/reservations,eastjprestaurant.com,,
2026-02-26,SAVO,American,Brooklyn,406,36 Street,11232,3473350516,50179808,http://savonyc.com/,savonyc.com,,
2026-02-25,VIVI BUBBLE TEA,Coffee/Tea,Brooklyn,5002,5 Avenue,11220,6463358457,50178341,,,,
2026-02-25,HYDERABADI ZAIQA,Indian,Manhattan,785,9 Avenue,10019,6149730713,50181422,https://hyderabadizaiqa2026.com/#/,hyderabadizaiqa2026.com,,
2026-02-25,THE ROCKWELL PLACE,New American,Brooklyn,31,Rockwell Place,11217,9179091093,50173862,,,,
2026-02-25,SWEETGREEN,American,Brooklyn,1153,Broadway,11221,2138381668,50178824,https://www.sweetgreen.com/locations/nomad,sweetgreen.com,,
2026-02-25,BREAD & SPREAD,Sandwiches,Brooklyn,485,Lorimer Street,11211,3474220724,50180766,https://www.breadandspread.nyc/,breadandspread.nyc,,
2026-02-24,POPPY'S COMMISSARY,American,Brooklyn,189,Columbia Street,11231,6462637108,50182075,https://www.poppysbrooklyn.com/catering/,poppysbrooklyn.com,,
